session,state,pair,elapsed_min,duration_s,channel,in_core,p2p_median_uv,p2p_p99_over_median,pct_windows_over_common,hf_20_45_uv_rms,rail_pct,wander_uv,wander_rate_uv_per_s,delta_db,delta_rel_pct,theta_db,theta_rel_pct,alpha_db,alpha_rel_pct,beta_db,beta_rel_pct
gng_flex,closed,1,0.4065283333333333,41.510999999999996,C3,True,12.060945314334377,2.3235910761379555,0.0,1.7278464216244105,0.0,9.94633188247796,2.213127136230227,2.2322498498340746,34.67592115550902,0.15012292252807552,21.46917292521724,-1.8456220008471078,13.559410902550132,1.0921291237238282,26.669565129092476
gng_flex,closed,1,0.4065283333333333,41.510999999999996,T7,False,15.899579491501498,1.583682774205249,0.0,2.0051617346749735,0.0,11.625769424437705,1.0738334655770743,5.469040765560019,38.59733660647291,3.1460347954603343,22.607718680163455,0.1773324379563121,11.412650157253418,3.290216381204031,23.37087103810248
gng_flex,closed,1,0.4065283333333333,41.510999999999996,FC1,False,13.94723978646927,1.6070388517783196,0.0,1.932238130773701,0.0,5.4235521316526984,1.3647851943969869,3.0491435305021226,32.793947095567276,0.9609031741445015,20.27541051362193,-0.7348818154077984,13.721170379542277,2.540437323889533,29.169102800185946
gng_flex,closed,1,0.4065283333333333,41.510999999999996,FC5,False,14.294421285758924,1.411547635731052,0.0,2.1856275396255356,0.0,4.948944473266579,1.615907669067127,2.9002733385752815,32.86833997219676,0.8420151536332059,20.46218241345905,-1.3825880243251607,12.260032858216396,2.5454415001599577,30.289673123377405
gng_flex,closed,1,0.4065283333333333,41.510999999999996,FT9,False,24.140529725936332,1.654030727779504,0.0,2.9256466159943497,0.0,11.507116222381285,3.213254928588924,8.953176440034131,42.07973271468882,5.422228843741994,18.662860633345485,2.8992729613384958,10.439570336762898,6.542018732540425,24.15222811078139
gng_flex,closed,1,0.4065283333333333,41.510999999999996,F3,True,17.062149175106907,3.275047994206124,0.0,1.933407054609943,0.0,13.598506736755928,3.127778053283741,7.638375899823172,53.21356666129032,3.3206878549525514,19.690355816970033,-0.23307464376888912,8.687149876352986,2.2349306196388707,15.334790270855533
gng_flex,closed,1,0.4065283333333333,41.510999999999996,F7,False,17.96286555349443,1.875536826733048,0.0,3.1652605492260992,0.0,9.607398796081561,2.84475994110106,5.082064430039649,34.06831314206722,2.9655582477288323,20.926664526004306,0.8978459123045259,12.999563766005402,4.109870130161426,27.23523961020085
gng_flex,closed,1,0.4065283333333333,41.510999999999996,Fp1,False,18.73858268477942,2.515011183415227,0.0,3.357642409806825,0.0,14.808844375609624,5.293379783631281,8.087185091383368,54.87122081784733,2.1204868284962712,13.889122122554074,0.08063596721500596,8.6833980644032,3.77055249383307,20.308664405576877
gng_flex,closed,1,0.4065283333333333,41.510999999999996,Pz,True,13.760130255606315,2.2493789539821067,0.0,2.137206161041354,0.0,8.86523647308372,1.3887195587155645,2.8607730750821387,28.02130552889281,1.596558197870007,20.944349565529293,0.2566438119330266,15.3842184871602,3.4653367862057354,32.20658940349697
gng_flex,closed,1,0.4065283333333333,41.510999999999996,Cz,True,12.21180683007022,2.814745122634759,0.0,1.7089039533177492,0.0,5.395862007142902,1.537945747376014,5.6009208554623555,52.22152783683285,1.0978843698176306,18.51594683811428,-2.496205673653295,8.093510245918374,0.7431522904051677,17.063680753589157
gng_flex,closed,1,0.4065283333333333,41.510999999999996,O1,False,35.26672201761154,2.882175792967242,0.0,5.802932201921329,0.35761340109166195,17.871563911438173,3.0379886627196235,9.724523840638566,21.953262132208874,5.697799177374474,8.686135437905412,8.439983947233342,16.332214449255762,13.368326749589006,50.80182966564769
gng_flex,closed,1,0.4065283333333333,41.510999999999996,PO9,False,34.49264749230743,1.7787845030075917,0.0,3.20721885235229,0.0,19.78300399780251,3.3965139389037518,8.215929195812155,24.83509868189074,6.855946019714658,18.157981629598996,6.956423892261552,18.58298000675403,9.701914177332053,34.96748426696812
gng_flex,closed,1,0.4065283333333333,41.510999999999996,P3,True,18.243397318945053,1.5000259867975043,0.0,2.5916860107626127,0.018821757952192736,9.894704055785041,2.2989015579220897,4.890875119190551,29.896345958514864,2.132284444345825,15.840140996268426,1.9906818016998309,15.331998876155312,5.69657992754003,35.99055893617324
gng_flex,closed,1,0.4065283333333333,41.510999999999996,P7,False,22.348251604563398,1.3147286099446034,0.0,2.825019751171844,0.0,9.622100448607092,2.0998363494874503,3.914422703149159,20.253220905012395,3.35695317334807,17.813413395002815,3.198357676030528,17.174638197455497,7.024770133288466,41.45041114574034
gng_flex,closed,1,0.4065283333333333,41.510999999999996,CP1,False,13.444129531947949,4.083961530621095,0.0,1.7512740430512443,0.0,9.469412994384127,1.5379915237415585,5.242775713922691,46.51855272201653,1.111203389633368,17.96672672195742,-1.3719688112106818,10.142657072411126,2.0681040241024045,22.395410410443887
gng_flex,closed,1,0.4065283333333333,41.510999999999996,CP5,False,14.486163764531012,1.6044589100572535,0.0,1.9853219019080166,0.0,4.93481369018512,1.1476020812987322,2.7416019512455763,29.410073947394803,0.7987414797650958,18.802260669516688,0.4016256927015622,17.15925746471676,3.0456958596199595,31.54318240207167
gng_flex,closed,1,0.4065283333333333,41.510999999999996,C4,True,14.052753999130141,1.4056379285358107,0.0,1.8837249259324422,0.0,12.662772655488059,1.7292642593384642,2.876608585808303,33.56310672034287,0.7050972335143263,20.356870722131575,-1.6363367981452612,11.873195408533272,2.3081108149540026,29.445055467979735
gng_flex,closed,1,0.4065283333333333,41.510999999999996,T8,False,21.51604202955894,2.2492619438467774,0.0,2.43817333525874,0.0,10.441209793091152,2.735250473022866,7.680808775555104,37.60193872164737,4.846246149059279,19.57735313556569,3.162991780121558,13.28704903639265,6.07707886532697,25.99185324952331
gng_flex,closed,1,0.4065283333333333,41.510999999999996,FC2,False,13.236492250138728,1.4849221264839239,0.0,1.8770847127965893,0.0,4.439677333832414,1.420394897461449,1.683591403003647,28.431098422177914,0.2462900784749466,20.420365272235806,-1.2024166021872973,14.628265640346724,2.2390655507798662,32.310304695269984
gng_flex,closed,1,0.4065283333333333,41.510999999999996,FC6,False,15.341852365345419,1.482441339032156,0.0,2.0916580830904077,0.0,11.07489948272752,1.6755599975587963,3.5755358866039844,30.661272456103976,1.8944241460354452,20.819917307343363,0.0005516104423920771,13.461447032139876,3.614814884656417,30.939840756311344
gng_flex,closed,1,0.4065283333333333,41.510999999999996,FT10,False,24.28186491488493,1.9991526478279662,0.0,2.8371486325988218,0.0,13.94192199707048,3.9244747161866087,9.018528285309035,43.45134977692438,5.108675348012055,17.66110929816194,2.662151215201563,10.054617759984927,6.715578769895147,25.568680739051718
gng_flex,closed,1,0.4065283333333333,41.510999999999996,F4,True,15.786049230473132,3.5289563411425084,0.0,2.061459811821876,0.0,13.086908054352651,2.285097122192866,5.415611828097577,40.1747305302557,3.0777421206426574,23.45125028263107,0.0009260567190654966,11.547404927946337,2.689751803377339,21.447020651296196
gng_flex,closed,1,0.4065283333333333,41.510999999999996,F8,False,17.636010887786306,1.4867185879233717,0.0,3.0995871770573955,0.03764351590438547,14.473385524749574,2.892626762389739,3.5715161733634626,26.813456493144972,2.5933328355379337,21.405948105594657,1.0737953181932332,15.08622972029886,4.410287079745766,32.525942705404105
gng_flex,closed,1,0.4065283333333333,41.510999999999996,Fp2,False,13.828784174979585,2.1356872342030124,0.0,3.044494293947695,0.018821757952192736,22.895495891571045,5.793254852295831,2.7736721972698124,36.67091277035442,-0.5627360194761767,17.009082921005156,-1.7189293588233134,13.033515250508609,1.904580165004155,30.02012642195302
gng_flex,closed,1,0.4065283333333333,41.510999999999996,Oz,False,40.5485126659248,2.4927386339716033,0.0,4.383242032186718,0.07528703180877094,24.502641296386173,4.673793792724567,14.233258089561016,43.9990277674528,9.944734958763869,16.390445839153163,8.625394540591754,12.096416314017617,11.673976151493548,24.40702726610543
gng_flex,closed,1,0.4065283333333333,41.510999999999996,Fz,True,14.319412964421389,2.4405309142296607,0.0,1.5245547210500907,0.0,7.927595615387366,1.346800804138466,4.361904991637756,37.83968687599618,2.6783812249603756,25.680008153277527,-0.9251417914785075,11.200640434585168,1.858881417253575,21.264010424728202
gng_flex,closed,1,0.4065283333333333,41.510999999999996,O2,False,21.223635306018124,1.8004224564862052,0.0,3.0583937837059016,0.0,11.34681406021056,2.060112953185346,5.034847864356259,23.26760967565017,4.010207502294289,18.377555098555796,2.7049145647854127,13.606876397512538,7.568785070089502,41.700905967220756
gng_flex,closed,1,0.4065283333333333,41.510999999999996,PO10,False,19.03786559690078,1.714428582997553,0.0,2.5938386981239456,0.0,13.139376735686547,3.544213294982402,5.909518183788961,32.51245571817477,2.8285871123706414,15.993984343661621,1.980314676876613,13.156168374427486,6.234532907039695,35.0389631252524
gng_flex,closed,1,0.4065283333333333,41.510999999999996,P4,True,14.801635048096765,5.343746307600466,0.0,2.0644078319896524,0.0,11.296543502807566,3.175382614137064,9.662425133264525,64.37520035590126,2.598820461471406,12.657797004563125,-0.44702391016766385,6.277311631844455,3.2052774284253625,14.554718934948587
gng_flex,closed,1,0.4065283333333333,41.510999999999996,P8,False,20.246537762705927,1.4679413310179756,0.0,3.330296351248325,0.0,7.436267852782777,2.701640129089526,3.826548149897655,18.055122076153772,2.1816137781098672,12.362519566927892,2.590792546534427,13.583912293796608,8.533213994627003,53.36629021412023
gng_flex,closed,1,0.4065283333333333,41.510999999999996,CP2,False,12.867145924853993,1.3188569743534952,0.0,1.6379697628198164,0.0,4.7078595161444134,1.243307113647944,2.616900309698924,36.74164974595933,-0.2559416133358477,18.961577282899547,-2.080690082976353,12.456602715525527,1.4037666516130294,27.787231992573325
gng_flex,closed,1,0.4065283333333333,41.510999999999996,CP6,False,17.41360889361674,1.417317352007921,0.0,2.8801142762047243,0.0,13.199557018280927,1.661582946777088,2.989615082567041,20.940859173502105,0.9032986930796811,12.952776064454872,0.24589448099801253,11.133262168046988,6.942241692309593,52.03039909911003
gng_flex,open,1,1.1311333333333333,35.425599999999996,C3,True,16.130636206230346,7.846073961821106,2.8169014084507045,1.9681570529273988,0.15438906043228937,34.62011013030999,4.661965847014326,9.124135357479881,64.00993304337665,2.6086268081488506,14.278958059424685,-1.2638934009803917,5.853889186979979,2.3028801895957973,13.308277746919986
gng_flex,open,1,1.1311333333333333,35.425599999999996,T7,False,21.960167809034225,24.14721073674014,2.8169014084507045,2.5731788710145893,0.06616674018526687,22.940953826903645,5.313180446624644,9.216391483774839,51.133228523385945,3.868226238172416,14.924049819775762,1.9012372421562815,9.488286516299429,5.685787602726511,22.67998832180563
gng_flex,open,1,1.1311333333333333,35.425599999999996,FC1,False,19.679671361130758,4.015581560265808,0.0,2.3199681900474114,0.044111160123511246,26.584695434569948,5.150769710539919,11.157628704722393,67.13603717935894,3.6923741117255786,12.034560745034657,0.03883643924260569,5.1889140393262245,4.286366847008793,13.798424986027374
gng_flex,open,1,1.1311333333333333,35.425599999999996,FC5,False,19.39134785226815,1.9274162946566558,0.0,2.6869834595013598,0.06616674018526687,28.43697325388526,6.4058160781853655,5.813210566078329,36.12213931236055,2.3482933850367376,16.26603659878068,-0.27164036625613963,8.89791740327079,5.875292486330873,36.64220965346699
gng_flex,open,1,1.1311333333333333,35.425599999999996,FT9,False,32.04889878044125,3.0807991389159715,0.0,3.000797874103688,0.022055580061755623,32.181887054442534,7.760525226593501,14.000530868274499,60.26392620040176,7.271045287361836,12.79702046561037,4.965491508629884,7.525814105077091,8.553305686802757,17.19233656202728
gng_flex,open,1,1.1311333333333333,35.425599999999996,F3,True,26.894513669727218,2.39891432177554,0.0,3.0868587106159917,0.15438906043228937,22.418065643309834,7.116133689880311,9.359768663773467,37.33242014589714,5.7141506617381745,16.125914194806594,3.3499170386553123,9.356232002839652,9.06323609686443,34.868469744355956
gng_flex,open,1,1.1311333333333333,35.425599999999996,F7,False,27.69299324988629,2.177829028487079,0.0,3.2892848110662842,0.2867225408028231,30.737328338622156,12.700029373169183,10.73624131178207,48.65549389400271,6.486107249647529,18.285990051519484,2.7753725133247635,7.781171824017175,7.396518573020111,22.550678402452537
gng_flex,open,1,1.1311333333333333,35.425599999999996,Fp1,False,31.24626582655371,2.6461618600381684,0.0,5.881368289366002,3.330392589325099,744.791017913818,20.613905906677246,13.02393990236788,57.22808032976515,5.286520391639274,9.635344058038344,2.579913567470471,5.166620283477327,9.552096256708044,25.72911295086292
gng_flex,open,1,1.1311333333333333,35.425599999999996,Pz,True,16.76246670339703,3.906243036489188,0.0,2.107552640075215,0.06616674018526687,21.502326393126694,5.2335758209229795,6.938538294431556,47.73378943242391,1.8035753048877698,14.632873360289548,0.312010102770516,10.379420189199527,4.131072434519471,25.008021093503718
gng_flex,open,1,1.1311333333333333,35.425599999999996,Cz,True,16.021506560648238,2.3689931807251745,0.0,1.929651999812178,0.13233348037053375,15.947628784179763,3.0083117485049335,6.155035992795613,48.54361613944134,2.406932310299332,20.479613522606215,-0.9238093153430156,9.511468941377553,1.8926112019762007,18.19238531636871
gng_flex,open,1,1.1311333333333333,35.425599999999996,O1,False,46.45803270990406,3.3062615881990474,2.8169014084507045,5.920499665413786,1.1689457432730481,26.12427692413317,4.982474803924475,16.68116399225099,51.66603357721101,7.997637107050075,6.996042407276204,9.092560038387287,9.002118520039136,14.310057464676047,29.929155942134045
gng_flex,open,1,1.1311333333333333,35.425599999999996,PO9,False,44.23362510383198,7.671430484971126,19.718309859154928,3.673335592045011,0.1985002205558006,71.70556488037217,9.463941097259486,19.426857871387096,71.5188140158093,10.69188854176331,9.57025194404271,9.304271192299312,6.952830405028604,11.080997556554475,10.467290383598952
gng_flex,open,1,1.1311333333333333,35.425599999999996,P3,True,21.123260344340952,1.7488082005060213,0.0,2.584438152567545,0.08822232024702249,23.404526138304938,4.169660091399734,6.154806076560224,32.6300722558103,2.453728561992396,13.915867470286644,2.6915256621168586,14.699074600928677,6.59157877410495,36.08239074165663
gng_flex,open,1,1.1311333333333333,35.425599999999996,P7,False,28.08738376993954,1.7877924257066664,0.0,3.2287990682022696,0.044111160123511246,22.5006689071646,4.082026004790981,7.493609646952024,27.510654600683708,4.9273338033027825,15.236083353881922,5.064563415048319,15.725204468753711,8.984640357653985,38.779659847113294
gng_flex,open,1,1.1311333333333333,35.425599999999996,CP1,False,15.061229367772269,2.4071143824391736,0.0,1.8322678980928453,0.13233348037053375,20.12322177887004,3.406705379486299,4.24394386969497,38.114191986297854,1.4806202743876382,20.172250736920137,-0.5160984224220057,12.737449877006885,2.4050918036869193,24.957524759934437
gng_flex,open,1,1.1311333333333333,35.425599999999996,CP5,False,16.79067534733229,1.8580550829349238,0.0,2.1220284447212046,0.022055580061755623,12.409004402159905,3.559923648834097,4.060409090402739,31.240441183265343,1.7806131299729802,18.48151471404031,0.3351757148102255,13.249327062400058,4.422481634105023,33.95661673317667
gng_flex,open,1,1.1311333333333333,35.425599999999996,C4,True,16.966568695786847,1.5305470061184119,0.0,2.131187683962369,0.17644464049404499,7.804749488831298,3.5231423377996656,4.708843127313374,35.80378122796687,2.027165122154643,19.309058320467212,0.11097727183311892,12.420592378266958,3.899047147772034,29.713191149013397
gng_flex,open,1,1.1311333333333333,35.425599999999996,T8,False,32.43313505922565,3.7160213677165777,1.4084507042253522,3.8012686425435223,0.5072783414203794,35.114931106568676,9.873230934142999,12.652068933354155,49.887143204008396,5.896223658743583,10.529411707464021,4.850394116367383,8.27601278689368,10.377224345248555,29.546372981987222
gng_flex,open,1,1.1311333333333333,35.425599999999996,FC2,False,18.122723028005584,2.445766072082231,0.0,2.260762689201082,0.11027790030877813,15.110259246824725,3.0560145378108317,5.0004136495239795,35.99862132685518,2.110264979123397,18.504229299608106,-0.2765787343417291,10.680378162225947,4.45703486751197,31.76493641279225
gng_flex,open,1,1.1311333333333333,35.425599999999996,FC6,False,21.77783588613041,1.3578791284559102,0.0,3.2476950145923325,0.15438906043228937,16.566419410706015,5.967645168305342,5.531232868146001,25.7277469859029,2.98191156606652,14.30439933867858,1.7298384800568094,10.721667068735604,8.099688977882582,46.477993094620544
gng_flex,open,1,1.1311333333333333,35.425599999999996,FT10,False,30.992769028830843,2.6197220276380517,0.0,3.0704473321380634,0.17644464049404499,30.352536010742554,9.463344732920348,12.933638773518663,54.73203539027821,6.951321632804575,13.80415684076366,5.0390912423537495,8.887648003694695,8.483590858473319,19.6443112954627
gng_flex,open,1,1.1311333333333333,35.425599999999996,F4,True,27.292098548451712,2.370148186903204,0.0,3.4555214759975725,0.33083370092633435,31.27872028350871,7.133935928344887,9.27794307338451,35.609422783474265,4.599461732200484,12.125978666850152,3.280103940143512,8.9491341977558,9.913608587951204,41.22223031373761
gng_flex,open,1,1.1311333333333333,35.425599999999996,F8,False,24.058006387010458,2.0644914846169855,0.0,4.0091879636368075,0.4411116012351125,40.21909351348927,9.297503948211755,7.662373673104743,35.713990831240416,4.321134092259257,16.546815509262846,2.956218350816138,12.084337625411198,7.2543378211301395,32.511334586149644
gng_flex,open,1,1.1311333333333333,35.425599999999996,Fp2,False,23.4561717600521,5.1977627146278795,1.4084507042253522,6.247482052580524,3.043670048522276,533.6718116760253,21.717061042785645,9.167295317237635,52.18276493990777,2.48712603651466,11.20753641669998,0.6079423637467747,7.270960602179673,6.309027487178881,27.020930707620927
gng_flex,open,1,1.1311333333333333,35.425599999999996,Oz,False,49.999263681596915,5.048481048037292,15.492957746478872,4.458631335041826,0.529333921482135,38.562268024020305,10.670074939727321,19.683353465571333,64.9842965200524,12.184069158339916,11.557928172076172,10.20448725991944,7.32692593296714,12.639511384563315,12.83583760184816
gng_flex,open,1,1.1311333333333333,35.425599999999996,Fz,True,23.080895226483094,2.664247825045255,0.0,2.2351727143953806,0.15438906043228937,20.697211265563283,3.8328990936281366,9.818124402628905,47.899289582360055,5.425696016518,17.4215276132983,2.451765806589001,8.784017910460195,6.689270618213117,23.304709505004883
gng_flex,open,1,1.1311333333333333,35.425599999999996,O2,False,29.80215911818469,6.720333572329811,9.859154929577464,3.046090914846431,0.1985002205558006,36.662510525739,5.269408702851061,17.038980186371276,72.96389393858355,7.400989849253276,7.930653394660311,6.920508754049984,7.10004105777481,8.569542697088377,10.379208934909306
gng_flex,open,1,1.1311333333333333,35.425599999999996,PO10,False,29.838025739933833,3.0463397947811064,0.0,3.1190695444630583,0.17644464049404499,27.77366466522274,4.790218830109094,13.449906835557393,63.35216666895839,5.518485070542933,10.20044916910368,3.9179448286923724,7.056108851215587,7.885165074791811,17.590869082241706
gng_flex,open,1,1.1311333333333333,35.425599999999996,P4,True,19.574769867984735,6.162953381017891,1.4084507042253522,2.3438616995225416,0.044111160123511246,26.55827140808283,9.181085109710367,15.090829177635198,79.66605495318422,4.574924721149065,7.074290110358003,2.718517032398605,4.613622931281492,4.621766883921251,7.151005007436375
gng_flex,open,1,1.1311333333333333,35.425599999999996,P8,False,25.086892183258545,2.005186673836561,0.0,3.679593595172001,0.33083370092633435,33.35810642242549,4.81420707702631,8.354646977242886,33.15013835433452,3.318830513201525,10.396895979538863,3.9757986579034603,12.094850744830651,9.394888822541601,42.12205295993824
gng_flex,open,1,1.1311333333333333,35.425599999999996,CP2,False,15.018058234020906,2.3082041690559607,0.0,1.870619021477393,0.15438906043228937,10.008437156677642,2.9832849502562517,5.1230670083508345,45.52839756827717,1.289082027791606,18.83145457358396,-1.09976350477646,10.864239067789892,1.9174775779906275,21.76323351521015
gng_flex,open,1,1.1311333333333333,35.425599999999996,CP6,False,21.868436389826435,1.6677735868400372,0.0,3.7697205003314425,0.15438906043228937,16.147208595274805,3.532171726226011,5.772598241232558,24.84494894077728,1.8225387136131683,10.005347013758241,1.5035398506758968,9.29677391222438,9.149913308111689,54.07164912130836
gng_flex,closed,2,1.9167375000000002,48.846500000000006,C3,True,11.960390433029659,2.069631430139038,0.0,1.76361311101144,0.0,7.463664245605109,1.5427107810979237,1.6923546381372458,32.42855469578853,0.21822772558144204,23.094837022653277,-2.261431936194123,13.0481498496353,1.007682335771377,27.698762268178577
gng_flex,closed,2,1.9167375000000002,48.846500000000006,T7,False,17.649929512703142,1.6336354431239164,0.0,1.9934463407291605,0.0,7.2850389480592845,2.2262110710146477,5.5620888836270765,37.29544601512268,2.74819060623551,19.510391201689593,1.5121655389521818,14.677884663725447,3.6048829244446545,23.764857216256484
gng_flex,closed,2,1.9167375000000002,48.846500000000006,FC1,False,12.82872027812977,1.5326975058523074,0.0,1.9551897622645646,0.0,6.626128578186284,1.5131573677063068,2.2131984365314454,30.72614331960461,0.3896458754393675,20.190766012376944,-1.1394736947296944,14.198446809674332,2.221598228626104,30.785628986497176
gng_flex,closed,2,1.9167375000000002,48.846500000000006,FC5,False,15.667225726183865,1.8093429665816232,0.0,1.9937639652423536,0.0,6.45440044403095,2.1705369949339355,4.244704679760698,38.15713203893062,1.1206591113657296,18.585368139636955,-1.0413053642634882,11.297301531344194,3.024890089300199,28.81338391090654
gng_flex,closed,2,1.9167375000000002,48.846500000000006,FT9,False,28.849416008485868,4.322483957655869,3.0927835051546393,2.7936334629894386,0.03199488081906895,69.53996982574488,6.527349472045614,15.82899247388216,73.73672037963476,7.174827989157175,10.052344620550418,4.2562064110805995,5.133401239284741,6.579003450383833,8.76364779101352
gng_flex,closed,2,1.9167375000000002,48.846500000000006,F3,True,16.28276236725928,1.7187655052932531,0.0,2.0643811759183763,0.0,7.949852943419871,2.9983811378474723,5.828482790868893,43.30579261299351,2.626617212251425,20.718553631856224,-0.0714184171432419,11.131555884557791,2.7188087084499193,21.163065862508752
gng_flex,closed,2,1.9167375000000002,48.846500000000006,F7,False,17.74432321192714,2.0541653837129905,0.0,3.0839691686440234,0.0,29.06763648986821,3.7422552108766176,6.191417613147319,39.515430903791874,2.8834143853057483,18.448726789621958,1.7929917482563846,14.352386980819476,4.04627074285486,24.11304380568745
gng_flex,closed,2,1.9167375000000002,48.846500000000006,Fp1,False,17.741784563722277,1.8493581930775749,0.0,3.2762952012819895,0.0,17.321958541870117,5.165680885314941,6.771276354402659,45.47460899030369,2.160362846701119,15.728149288155704,0.7715715194786164,11.423481692310496,4.136035371738009,24.788193362280673
gng_flex,closed,2,1.9167375000000002,48.846500000000006,Pz,True,14.842886562215394,2.1017491248223554,0.0,2.149284137072616,0.0,6.755913162231222,2.4454488754271715,2.9837521693816518,29.296479561476012,1.081044055518177,18.903604598696752,-0.0021933894849421303,14.73061504352206,3.546931711275154,33.35288379050255
gng_flex,closed,2,1.9167375000000002,48.846500000000006,Cz,True,11.275740317115353,1.7300183890484166,0.0,1.7232697255814278,0.0,5.401527023315582,1.2670421600343582,2.1851233798233847,34.46877571319427,0.5178003865060261,23.47975488222839,-1.5016416568225468,14.748551004304163,0.42122334657421706,22.963382229051916
gng_flex,closed,2,1.9167375000000002,48.846500000000006,O1,False,33.63675217106148,1.2410199923008982,0.0,5.684832223714176,0.28795392737162057,7.547256278991831,2.2502183914178246,5.639934516702025,10.977913566517481,4.451104389338625,8.349044856057496,7.598314376147705,17.232877190138815,13.103141638762509,61.21255669814239
gng_flex,closed,2,1.9167375000000002,48.846500000000006,PO9,False,34.427430053025525,1.6587505124281465,0.0,3.027424396171867,0.0,11.737142562866552,3.8329324722291105,8.666294722119178,25.70982878947633,7.613847226758564,20.17689969490512,7.607968602263057,20.149606652774104,9.509720593634743,31.22063785456679
gng_flex,closed,2,1.9167375000000002,48.846500000000006,P3,True,18.193917461605203,1.4516256453671914,0.0,2.5746651666898233,0.0,4.931319427490769,1.7909450531007716,4.975581374101892,30.98644941685796,1.6091569975800537,14.273463795572294,1.3495554598163493,13.44526059232987,5.854698452442396,37.9387941641191
gng_flex,closed,2,1.9167375000000002,48.846500000000006,P7,False,22.07560687459852,1.5304678466006014,0.0,2.9821342812288703,0.0,6.272995567321914,1.694289207458624,4.514901852023291,20.34642419588675,3.3512760965126045,15.564153995498401,3.7108021447666273,16.907450475825254,7.881630567589658,44.173414071538105
gng_flex,closed,2,1.9167375000000002,48.846500000000006,CP1,False,13.03699185239904,1.4226855404918162,0.0,1.9352688072997426,0.0,7.887299537658716,1.6931934356692988,2.9225187934541417,35.40603609626463,0.24914611388738944,19.13110431776723,-0.9913123652505085,14.377858060850102,1.8255768229903182,27.503192638828512
gng_flex,closed,2,1.9167375000000002,48.846500000000006,CP5,False,14.473598542846192,1.6614945888318857,0.0,2.0298977626794255,0.0,5.384495544433225,1.9206080436705797,2.683866891320228,28.01933065486373,0.16336500799859066,15.682220935128873,0.4973377273353901,16.935765824695885,3.763984246843698,35.93101552294307
gng_flex,closed,2,1.9167375000000002,48.846500000000006,C4,True,14.176308718585716,1.5009326722375151,0.0,1.9498419524772062,0.0,6.83120689392161,2.257104873657238,3.629494184047834,35.817043804809586,0.8470529062053254,18.87320296025255,-1.2594536464413095,11.619701057652417,2.809358763588255,29.65351608368486
gng_flex,closed,2,1.9167375000000002,48.846500000000006,T8,False,21.24311768225068,1.381588592464435,0.0,2.214247065425337,0.015997440409534474,6.0829780578611,1.9583525657653684,6.659505632714852,30.795832190231426,5.129226922745568,21.65030772025164,3.628542121509033,15.324827451750767,6.395167193846909,28.977312245508706
gng_flex,closed,2,1.9167375000000002,48.846500000000006,FC2,False,12.564195010762617,1.451552945611856,0.0,1.9510044345504969,0.0,3.8836378097535373,1.4153528213500657,1.6257595424686377,28.821798320499752,0.3171981102783221,21.32381625856144,-1.7917511834616273,13.121092655390528,2.1673976582111227,32.65012786955697
gng_flex,closed,2,1.9167375000000002,48.846500000000006,FC6,False,15.938052360808182,3.5374994775657926,0.0,2.1455404397418625,0.0,6.695656967163382,2.1815505027765454,6.295954727049203,42.04087981490074,2.2965609831105898,16.73911225430266,0.7995809259649742,11.8586271928109,4.283039185873479,26.447233042837176
gng_flex,closed,2,1.9167375000000002,48.846500000000006,FT10,False,22.687160428680926,1.5726612325397424,0.0,2.6221106641579555,0.0,7.718614959716888,2.2721357345576862,8.004278881833834,36.6989804481168,5.113264344077119,18.86047148585058,4.011256043172798,14.633618044106287,6.585809599725514,26.473238414667083
gng_flex,closed,2,1.9167375000000002,48.846500000000006,F4,True,15.203836776656656,1.428663465214049,0.0,2.1566672778505027,0.0,8.234785270690942,2.174324035644374,3.382553180106247,30.556990576999393,2.041158756670626,22.437328061970767,-0.3022640947033268,13.080635766212604,3.4114035621464756,30.760657806237074
gng_flex,closed,2,1.9167375000000002,48.846500000000006,F8,False,18.48646159410228,1.63837622458827,0.0,2.8581175930564107,0.0,8.922582435607296,2.446407794952137,4.912664586903206,31.14603166991038,2.6620038692843244,18.54968969935745,2.0597189215703233,16.147606379394215,4.8813274895049386,30.92210219368816
gng_flex,closed,2,1.9167375000000002,48.846500000000006,Fp2,False,14.631461826179267,1.6243090092452828,0.0,2.8307198803143296,0.0,25.06977558135941,5.32917594909668,3.206088479226361,37.20941340851367,-0.8325251036106286,14.682211142988713,-1.4065807873871903,12.864292224843096,2.6009879686897737,32.370005451530645
gng_flex,closed,2,1.9167375000000002,48.846500000000006,Oz,False,55.37461029951399,1.8212197822985485,0.0,4.263762261979422,0.03199488081906895,45.9461709976197,9.002511501312593,17.573099149340315,53.84338038635755,12.754819084429682,17.75433096188504,10.584589398972152,10.77162790762939,12.128183793493765,15.368829134878004
gng_flex,closed,2,1.9167375000000002,48.846500000000006,Fz,True,14.24471522415918,1.5789764198208318,0.0,1.8396150373254376,0.0,9.209442901611592,2.560945034027198,3.812706253495671,35.06022218308015,2.4760503435758756,25.772056393229274,-0.8583779757660879,11.959313237444265,2.0014728128825707,23.104220458448967
gng_flex,closed,2,1.9167375000000002,48.846500000000006,O2,False,20.983568346969207,1.449744644037769,0.0,2.816825180647019,0.0,8.08527431488056,2.456429958343393,4.185441864781987,20.393236993855517,3.4513786278232237,17.22185159915897,3.6484974788142024,18.02153284470487,7.2690383926797715,41.48067539984425
gng_flex,closed,2,1.9167375000000002,48.846500000000006,PO10,False,19.0450147553793,1.4763432129939762,0.0,2.349231254963155,0.0,8.601249313353886,2.8108534812925736,5.864275028969352,32.22600314193279,3.210322653325221,17.490861768400894,1.8710712020501463,12.84949507934593,6.119195292658738,34.17420902691663
gng_flex,closed,2,1.9167375000000002,48.846500000000006,P4,True,14.159704672778066,1.8751491289373088,0.0,2.0212063684959687,0.0,7.303390502930355,2.4752287864693017,3.975761462448666,37.2738775361219,0.6028511404593236,17.14405462491539,-0.8855588427701038,12.169494632294304,3.0973942034477724,30.448636397871283
gng_flex,closed,2,1.9167375000000002,48.846500000000006,P8,False,21.67689772454746,2.2370616956915104,0.0,3.2168221743349648,0.015997440409534474,24.63893203735398,2.8509621620180354,5.217794644599076,23.46150533451631,1.9452938322220168,11.043476022853959,2.61014145247291,12.870355844674178,8.521223054523265,50.19942178578468
gng_flex,closed,2,1.9167375000000002,48.846500000000006,CP2,False,12.550647266686404,4.580147419960116,0.0,1.8212184083625684,0.0,7.328842353820626,2.1456451416012,3.3240711582952978,39.2496774227356,-0.08941842464044206,17.884925421114925,-1.5089270391344325,12.898412803104511,1.5380891614686567,26.01584234547772
gng_flex,closed,2,1.9167375000000002,48.846500000000006,CP6,False,18.127202612860433,1.4431589101527353,0.0,2.825439228724527,0.015997440409534474,10.134915161132568,1.9195008277892711,2.6036122990786756,19.090156321267564,1.1775961277128941,13.746997938034362,0.6348539194144237,12.132034780703185,7.009405633269732,52.648841353836104
gng_flex,open,2,2.9570708333333333,65.99329999999998,C3,True,13.77546806307626,2.164349164834326,0.0,1.6902987669408565,0.11839924224484963,14.80082330703651,1.69907283783016,3.3618920799677015,35.585697976480525,1.257402614754395,21.919292997762568,-1.3971411521163306,11.895211416749461,2.001286317618867,26.014465802532083
gng_flex,open,2,2.9570708333333333,65.99329999999998,T7,False,23.356525289394988,1.6334354569522407,0.0,3.44698818424945,0.11839924224484963,13.090833950042825,3.3571186065673757,6.869214350671614,26.96167192327093,4.351017888719081,15.098269515440501,2.3400956119606913,9.502435839170651,9.145450873937644,45.53763503732095
gng_flex,open,2,2.9570708333333333,65.99329999999998,FC1,False,16.653770384016575,3.5260598938571395,0.0,1.9643344659679554,0.0,12.649225521087807,3.3927040100096466,5.792237910032513,40.23261102218304,2.7829005580998194,20.12076474263627,-0.4960267914372811,9.456964271027134,4.079938188393899,27.12365715539571
gng_flex,open,2,2.9570708333333333,65.99329999999998,FC5,False,18.956419362867223,1.9650404115824138,0.0,2.62401186402568,0.14207909069381958,15.210333347320407,3.4485406875614792,6.058000142824257,37.088388298799494,2.9469528097176436,18.118958399347026,0.15604033737634165,9.528882695400455,5.43853817404138,32.15820240122468
gng_flex,open,2,2.9570708333333333,65.99329999999998,FT9,False,33.12057508270895,2.2109463582552937,0.0,2.5300144543023566,0.07103954534690979,34.07237558364719,9.656238555909145,12.476806648614374,48.9661445280696,7.766494875859822,16.55254330743057,5.760473791158884,10.42947924917392,8.70798121308473,20.559538723679076
gng_flex,open,2,2.9570708333333333,65.99329999999998,F3,True,22.443596600036443,2.4190938263202018,0.0,2.732126936915848,0.3433578025100639,21.908938121795323,2.9384660720824414,7.334904845545886,34.118501483342136,4.458046806507073,17.591551512812913,1.1428343587979473,8.199415595528842,7.736990432751575,37.42816255595936
gng_flex,open,2,2.9570708333333333,65.99329999999998,F7,False,22.241577980246568,3.0639095775571064,0.0,2.8586724333532736,0.24863840871418422,31.78252601623553,13.012742042541367,8.989074189498043,47.71120006138083,4.216022386262614,15.89699947949115,1.9174754866210864,9.363979840652458,6.06936679411016,24.358447273998713
gng_flex,open,2,2.9570708333333333,65.99329999999998,Fp1,False,24.524184669250303,3.3180815827475456,0.0,5.622647739814444,1.9299076485910491,152.54461069107083,6.4328842163090485,9.525821888235361,42.577862447935864,3.2532074908948614,10.044363353508249,1.4209951683233646,6.5872050501962836,9.150484004797207,39.05261017159917
gng_flex,open,2,2.9570708333333333,65.99329999999998,Pz,True,17.062122261127268,2.322566787558136,0.0,1.9429072928074158,0.011839924224484964,11.697983837127387,3.7714939117428923,4.839487716969111,31.536481364843223,2.9468738966006045,20.39632173154013,2.004612750130612,16.418207466258153,4.31446397146369,27.945434172664598
gng_flex,open,2,2.9570708333333333,65.99329999999998,Cz,True,14.932610004464042,1.7278220258515986,0.0,1.7452058277985463,0.1539190149183045,9.620398712157922,2.986016273498292,5.656792292045543,46.21215521016709,2.244476868313642,21.06321597771995,-0.6905846285524452,10.715650277146498,1.6908774706996303,18.542348580154215
gng_flex,open,2,2.9570708333333333,65.99329999999998,O1,False,34.162467091103295,2.9757675022702745,0.0,4.774292312786295,0.6985555292446128,20.573935699462748,4.653997421265235,11.446977319282077,33.47313496603461,6.741135041884238,11.326928547032757,7.884468840897235,14.73823716355635,11.983156990231025,37.87166122774166
gng_flex,open,2,2.9570708333333333,65.99329999999998,PO9,False,34.55372889243461,2.486809184208724,0.0,3.2974897426571785,0.37887757518351883,23.413183975219887,4.064284324646739,8.439254927427593,21.835505223381542,7.733282227416611,18.559487306330137,8.004875007705067,19.757193484994314,10.671027129111843,36.50400078616235
gng_flex,open,2,2.9570708333333333,65.99329999999998,P3,True,18.607164531417983,2.387853227418269,0.0,2.2217642874754207,0.1539190149183045,10.806637954712297,3.4706182479864314,6.414261307508822,36.96745295035592,3.4460334735537517,18.663657042970772,2.772697404992792,15.98317809055277,4.720602336219138,25.029584007368566
gng_flex,open,2,2.9570708333333333,65.99329999999998,P7,False,22.62227385180265,1.7447255790914165,0.0,2.4721293909920043,0.047359696897939854,9.393739223479987,2.884928703308244,4.639092800012773,20.103595645106495,4.7519836950581364,20.633021464238066,4.430382934096392,19.160319816370315,7.229632839600714,36.50293158201622
gng_flex,open,2,2.9570708333333333,65.99329999999998,CP1,False,14.10015590447651,2.717544940993299,0.0,1.8194682714517014,0.2131186360407293,11.24810552597111,3.145598411559625,5.205966033137343,43.550112908806646,1.2802561051021861,17.63673918351033,0.257052109834384,13.934708655014758,2.114048623451902,21.36965665006588
gng_flex,open,2,2.9570708333333333,65.99329999999998,CP5,False,15.151164426650288,2.648310545628359,0.0,1.758370127650692,0.035519772673454894,6.858282947540198,1.7492370605469816,4.405948964167235,33.72144786708932,1.7664884530475709,18.36369885329873,0.32498662436711284,13.176800761471396,4.041338832991185,31.00596126485722
gng_flex,open,2,2.9570708333333333,65.99329999999998,C4,True,15.987709650244042,5.87510875088652,0.0,2.2197338361347594,0.33151787828557894,20.184937667846487,6.018357276916671,7.323755980683914,49.672523978915684,2.106865438585438,14.94263450801788,0.5306849577822728,10.394632170877543,3.9239912127884984,22.70595387550252
gng_flex,open,2,2.9570708333333333,65.99329999999998,T8,False,27.379616843131267,5.475814912197242,1.5151515151515151,3.546862526647269,0.8287946957139475,123.0844965934752,8.685854911804636,14.241867103390433,55.85746397496042,8.582054635453286,15.173996071885703,5.867406130225917,8.121478833625227,9.328091235518052,18.01787739205205
gng_flex,open,2,2.9570708333333333,65.99329999999998,FC2,False,14.309889769480368,1.8977140414990117,0.0,1.958702865812678,0.059199621122424814,9.799581336975102,3.601962089538606,2.939470357907835,29.609749870880574,1.6135291040618982,21.81928993833907,-0.596470606127437,13.117184956790299,3.278223230704419,32.01179491993514
gng_flex,open,2,2.9570708333333333,65.99329999999998,FC6,False,21.81457023512853,3.0351674612266635,0.0,3.2154520497677095,0.43807719630594366,46.005635643005114,9.321430206298455,9.808958065019516,44.06170327417345,5.0650958955439656,14.78002145618281,3.0573285796584884,9.308899313587247,8.00387993206715,29.077259221690593
gng_flex,open,2,2.9570708333333333,65.99329999999998,FT10,False,27.13568673546564,2.234986840361477,0.0,3.0784013574385516,0.3433578025100639,47.977881622314996,9.994836807250863,10.087224988565183,42.618070516122394,6.288939274827134,17.773182987037718,5.177445895096637,13.759918902852942,7.307151591020389,22.469139671458464
gng_flex,open,2,2.9570708333333333,65.99329999999998,F4,True,21.14407807384234,2.8796151077848413,0.0,3.230189832327349,0.4262372720814586,29.89492616653456,10.733908653259139,5.992628917923871,28.796979614211903,3.800619212528422,17.38385009923729,2.130394762522462,11.833780880053721,7.33060369213462,39.187216508167324
gng_flex,open,2,2.9570708333333333,65.99329999999998,F8,False,20.62927282191952,1.8992623399623552,0.0,3.5881578095452293,0.7577551503670377,85.74767932891862,17.080995559692155,6.894285146919571,34.23831451511744,4.462759232620566,19.559591738082528,3.3605039893218906,15.175194331804231,5.980169945345021,27.73964232060632
gng_flex,open,2,2.9570708333333333,65.99329999999998,Fp2,False,17.443822889150834,2.799504926276197,0.0,4.525973657405814,1.4563106796116505,166.63255777359018,7.582371711730957,5.699343047122667,38.24144310960349,1.327368907505086,13.974518689275333,0.5857021319111873,11.780675169320991,5.135634198809212,33.58639474289768
gng_flex,open,2,2.9570708333333333,65.99329999999998,Oz,False,57.8995876671291,3.574338332030096,3.0303030303030303,3.881639644668799,0.2959981056121241,49.01530389785725,9.572403907776149,18.11249202316201,56.819071353183425,12.896593300121202,17.096383809347838,10.388408400497191,9.595901228835363,11.889674535278875,13.55852301292712
gng_flex,open,2,2.9570708333333333,65.99329999999998,Fz,True,17.82554373680225,2.5559368889115532,0.0,2.1375050163520437,0.16575893914278947,17.225271892547305,4.084055900573841,6.091191841516981,36.57034064770533,4.09869756368824,23.114237851536366,0.9810021864464087,11.274830982983957,4.526622842298659,25.50774729753536
gng_flex,open,2,2.9570708333333333,65.99329999999998,O2,False,22.165670118218788,4.446378658170453,0.7575757575757576,2.6855700789752297,0.08287946957139473,14.106835937499273,4.2492198944085295,6.600656521816015,27.849767988377305,6.028346717483349,24.41128274923267,4.1398698948869885,15.803122943592394,6.561411469305405,27.599237024238672
gng_flex,open,2,2.9570708333333333,65.99329999999998,PO10,False,22.2340737727915,5.687409516401534,1.5151515151515151,2.887379995379572,0.3551977267345489,29.131375694275683,5.014235496520676,11.694361033095209,57.36037229734466,4.9059134810486,12.016201606097932,3.31492636826189,8.33045063132507,6.999177293402788,19.457793385704555
gng_flex,open,2,2.9570708333333333,65.99329999999998,P4,True,15.518171431143566,6.587111063702224,0.7575757575757576,2.260279779833276,0.10655931802036465,84.72676439285294,3.7075662612910065,7.852412608674402,50.84832954109807,2.454384066856015,14.67147696030299,0.9866163248151916,10.463983875505841,3.9350912055091314,20.6321530058406
gng_flex,open,2,2.9570708333333333,65.99329999999998,P8,False,23.99028473785267,2.043842215182689,0.0,3.5799489422327317,0.6867156050201279,78.46987791061412,4.92082214355473,5.971675051542818,22.355829169818946,3.9640205505545762,14.080735230407381,3.7651712918550224,13.450561246638262,9.187548713289383,46.87897944294582
gng_flex,open,2,2.9570708333333333,65.99329999999998,CP2,False,14.824278487577963,1.8899954084238002,0.0,1.9867371345036502,0.22495856026521432,13.71536493301467,3.821074485778446,4.667610424927492,39.94830192249686,1.455962992513882,19.069248589007653,-0.3711410876612504,12.520543236421602,2.5755931120616666,24.677240419756163
gng_flex,open,2,2.9570708333333333,65.99329999999998,CP6,False,21.562049895248236,1.5888760942791786,0.0,3.6221516918201306,0.5209566658773384,30.534260463714514,6.177676200866042,4.117919655362551,18.406377697084253,2.1378771731270017,11.667131188911963,1.7848121972299698,10.756168168993426,9.016480753585634,56.862302222501086
oddball_flex,closed,1,46.203321041583735,56.9546,C3,True,12.117141126300512,2.4748741759638886,0.0,1.7833103727934059,0.0,6.554336547850426,2.0818061828612713,1.6833446879352625,31.768229275134697,0.508726932635962,24.239922830687167,-1.6810943154075064,14.64027073861383,0.7095158573344785,25.38692648310023
oddball_flex,closed,1,46.203321041583735,56.9546,T7,False,18.251320110957458,2.5555748493435964,0.0,2.556703014517338,0.0,6.315210342406829,2.0300559997561436,7.836080760813651,50.89312873853141,3.037541370644436,16.857967476902395,1.0156037472553563,10.583064653497985,3.429670385163757,18.450923707334553
oddball_flex,closed,1,46.203321041583735,56.9546,FC1,False,18.394830774706698,3.335470063231689,0.0,2.092767186033073,0.0,24.53766250610221,6.524492263794372,8.766438567922577,62.378166708261915,2.848663232713241,15.968167266150685,-0.5986001726064551,7.219859275072029,1.6169837622921541,12.025056515386142
oddball_flex,closed,1,46.203321041583735,56.9546,FC5,False,15.839997002660866,2.5454839577192416,0.0,2.641255018921317,0.013719303059404582,8.460857391357393,3.3548355102534515,5.420737499242473,41.37877798617291,2.2158783211228372,19.782981413057392,-0.22966310250777874,11.265166126011229,3.1416286725191966,24.483120952318863
oddball_flex,closed,1,46.203321041583735,56.9546,FT9,False,28.160090439602257,2.539572741956945,0.0,3.5906831423147234,0.0,16.475381851196516,5.661806106567099,12.078844803349133,58.424932083413914,5.888533612534161,14.046466803156568,4.0116813783493,9.117628099502738,6.50250585115282,16.17947111446391
oddball_flex,closed,1,46.203321041583735,56.9546,F3,True,15.599477186056596,4.493575582984101,0.0,2.4999597251262267,0.027438606118809165,8.654140472412806,3.6080017089849434,4.48363583346424,36.72435142000297,2.883451777729748,25.40596696143462,-0.020875474142502872,13.016763185937993,2.1330980622091773,21.374716213935347
oddball_flex,closed,1,46.203321041583735,56.9546,F7,False,19.620540819025997,2.802997650195508,0.0,3.85600717452554,0.027438606118809165,10.203900337217874,3.542037963867415,6.503031552439861,35.50288753556579,4.870213157088228,24.377088677185952,2.2315888427711505,13.277594642397261,4.771987348465315,23.83193228990515
oddball_flex,closed,1,46.203321041583735,56.9546,Fp1,False,19.62190743118344,3.155260131936313,0.0,4.041386977024838,0.24694745506928248,18.981643676757812,5.613872528076172,7.102274108922881,43.39135909934077,3.548682686394131,19.144503646465402,1.0325938987305558,10.725936765120522,4.574603185688118,24.245780043276188
oddball_flex,closed,1,46.203321041583735,56.9546,Pz,True,14.455746988900902,2.6543657575501247,0.0,1.8356438677370903,0.0,7.77637577056764,1.6336212158208383,4.906991944596976,38.70859747068061,2.1537787576278493,20.534593834123914,0.19468779887522517,13.079074730498533,2.9307755946828955,24.55759319285578
oddball_flex,closed,1,46.203321041583735,56.9546,Cz,True,13.278136381610679,2.6702812865783394,0.0,1.8434792522880372,0.0,6.501445770263587,1.7351531982424149,3.7196260803041725,38.61322052127396,1.6754390078007273,24.116668738984405,-1.0546941765794202,12.861866562604495,0.9861607153619414,20.577352096955583
oddball_flex,closed,1,46.203321041583735,56.9546,O1,False,34.45678546459662,2.2733320561954344,0.0,5.329721562280093,0.5624914254355878,23.237818717956543,2.9743127822875977,5.988533647776382,11.034851439292172,5.173945577059284,9.147610906493355,8.593656289451468,20.103827763898117,13.199240358714395,58.05467013891903
oddball_flex,closed,1,46.203321041583735,56.9546,PO9,False,33.163682475956406,4.431948361535614,4.385964912280701,3.2600731747966836,0.06859651529702292,21.37013339996338,3.2054176330566406,13.084277485788187,44.42520757052919,9.373027053729404,18.90185479001392,7.980569131535883,13.71698394241665,9.64257785760871,20.112196469497697
oddball_flex,closed,1,46.203321041583735,56.9546,P3,True,15.769539488558951,2.2171419326938104,0.0,1.3375968942960554,0.0,2.6067199707034945,0.9502830505369602,4.242141653875838,32.874549308769886,1.2760733780922475,16.60553911787544,1.103548186067441,15.958808406230315,4.134399792638029,32.06901505249269
oddball_flex,closed,1,46.203321041583735,56.9546,P7,False,20.62329716852115,2.325697368956463,0.0,2.325486385405768,0.0,6.233605384826944,1.8267755508424557,4.6145756191944445,22.858076187816597,3.3098469317524666,16.926486032047237,4.167932196846989,20.624115571999795,6.720647131583827,37.12332155579656
oddball_flex,closed,1,46.203321041583735,56.9546,CP1,False,12.878646985967132,3.5864201219662672,0.0,1.3502682713433694,0.0,3.507135391234577,0.9204139709468038,4.909639848321194,47.01369363964987,1.0055340131509403,19.134353337454886,-1.1021156632928883,11.777383631113773,1.035752487333961,19.26795559900912
oddball_flex,closed,1,46.203321041583735,56.9546,CP5,False,13.597900328062224,2.1129012361656065,0.0,1.7687613534243358,0.0,5.2064161300653495,1.06985855102522,2.403724632599358,30.988263366440737,0.46549048029995876,19.832333783312766,-0.4474865999672512,16.07222912557544,2.210398577360227,29.63907412011537
oddball_flex,closed,1,46.203321041583735,56.9546,C4,True,13.013341413975997,2.480519385914806,0.0,2.0764356544828075,0.0,5.292226791382447,1.259094238281584,2.769607263254101,32.24832807346264,0.6165982534719617,19.642931512085475,-0.6810067387990831,14.569538760833828,2.462229674980623,30.044808799059197
oddball_flex,closed,1,46.203321041583735,56.9546,T8,False,19.95665202809289,2.277872168730325,0.0,2.8206050618118654,0.027438606118809165,8.639183044433594,2.5938339233398438,5.580244136825863,29.875057414667083,3.9627582387933025,20.585440218308705,2.6223889972578416,15.119005834742383,5.693824144870852,30.66667914914983
oddball_flex,closed,1,46.203321041583735,56.9546,FC2,False,12.904084363373805,3.293234197003685,0.0,2.1892968446983088,0.0,4.986440658569464,1.693252563476264,1.8347769246123193,27.981142494731,1.3877545926757926,25.244292868849683,-0.7719427575896703,15.353007954254045,1.7770964730303467,27.611970325809725
oddball_flex,closed,1,46.203321041583735,56.9546,FC6,False,16.827533641075572,4.321871965767366,0.0,2.6442411380209827,0.0,28.3399982452392,4.394641876221272,12.209328106643785,69.4287052556662,4.930232023234631,12.990607407097901,1.4742445014951764,5.861796076170162,3.5777361342024845,9.514366333432527
oddball_flex,closed,1,46.203321041583735,56.9546,FT10,False,25.946468055693906,10.570568907058092,3.508771929824561,3.4783654245728104,0.06859651529702292,23.207015037536635,4.639801025391193,17.830214425489118,77.49631510067323,8.675338794919679,9.41441826997445,5.6599918903961495,4.701742051831107,7.574146148430438,7.305908434616653
oddball_flex,closed,1,46.203321041583735,56.9546,F4,True,20.531735659683548,3.0030597617966595,0.0,2.667513520789993,0.04115790917821375,13.784855842590332,5.114006042480355,10.8637374854144,68.1471919620729,3.2432882205566678,11.786993356219575,0.8698437175413548,6.824307511603179,2.994439154168718,11.130588628247748
oddball_flex,closed,1,46.203321041583735,56.9546,F8,False,17.351227760857668,2.3617773566758498,0.0,3.573371947079306,0.06859651529702292,14.98226928710801,3.8687362670889343,5.611431866686106,37.74576542290685,3.2029119767146588,21.67785203295984,1.0878226791229517,13.320094863803062,3.70514397283239,24.335453685423637
oddball_flex,closed,1,46.203321041583735,56.9546,Fp2,False,13.23803914649921,2.5063057584757313,0.0,3.5533003023320466,0.21950884895047332,21.26656436920166,5.709709167479559,3.8935171081795152,47.67605810331085,-0.7117283882441376,16.511091750522507,-2.483480546705895,10.979955371118358,0.5574742915231481,22.11546415646122
oddball_flex,closed,1,46.203321041583735,56.9546,Oz,False,24.441399895511775,3.351737068921882,0.0,3.077915804819585,0.027438606118809165,8.032562255859375,2.524097442626953,6.825206689677994,25.781935295566733,5.510254017941189,19.046722172832187,4.832616290234049,16.29507914554926,8.300807149938523,36.2139218591705
oddball_flex,closed,1,46.203321041583735,56.9546,Fz,True,15.14842311671346,4.095276127712876,0.0,2.3225259702471166,0.027438606118809165,11.870337486266536,2.9643821716302767,5.465286722371006,43.285007021664995,2.5906308805581335,22.32913544715447,-0.3474029237102856,11.351899241259657,2.0891630498759235,19.89413794781605
oddball_flex,closed,1,46.203321041583735,56.9546,O2,False,30.526427671741068,6.421229531471883,1.7543859649122806,4.512696683479053,0.0823158183564275,20.30437469482422,2.7452545166011078,8.292828123526151,24.39159821885965,5.536565734367652,12.930461298392574,6.733057049746801,17.031902029178696,10.842519439937593,43.87421804978301
oddball_flex,closed,1,46.203321041583735,56.9546,PO10,False,21.340482737969605,6.287340813820979,2.631578947368421,2.901905723952204,0.0,15.110725402831804,4.307075500488253,14.559400413577638,72.42042568645789,5.040636341453291,8.09067332355275,4.1317888627422885,6.562962430893163,6.581156083886119,11.535505757818703
oddball_flex,closed,1,46.203321041583735,56.9546,P4,True,15.321863049237862,2.103672504259868,0.0,2.1950477747883967,0.0,5.965666770933922,1.6019248962394386,3.5917966749961847,31.29602238679268,1.2488032558415125,18.24692982635681,1.090402308858485,17.59339717706425,3.416395252946498,30.057233251074933
oddball_flex,closed,1,46.203321041583735,56.9546,P8,False,22.02019785880381,2.267885096949068,0.0,3.202243427102592,0.013719303059404582,9.611326217651367,3.199420928955078,7.096088677809734,31.862162405510897,3.5546665558237107,14.097205632947016,3.8465513278929553,15.07722833369772,7.667943810636015,36.34634630823241
oddball_flex,closed,1,46.203321041583735,56.9546,CP2,False,12.788536050309736,2.0220367275653994,0.0,1.8984138237820365,0.0,5.927787780761747,1.689384460448565,2.3674122573380005,33.599927940383665,0.3622767649688627,21.175067175275434,-1.3818090748914427,14.171512779826895,1.4779930368316008,27.377666190460275
oddball_flex,closed,1,46.203321041583735,56.9546,CP6,False,18.805396406702307,1.5159838450430896,0.0,3.1657725875308076,0.013719303059404582,7.914883494376511,2.593885898590713,3.631361045789372,21.95799291292589,1.7131584613326223,14.117974142229428,0.9421721287070294,11.82153163798247,7.1114217673567115,48.93264736932935
oddball_flex,open,1,47.043847708250404,33.893,C3,True,13.28377255780139,1.763400719177318,0.0,1.8828465260797935,0.11526048870447211,18.475597381596828,3.8120212554940025,3.3477673558513423,37.89951498209889,0.7779687675770609,20.97267337673192,-1.0535706636895728,13.756243357183825,1.2650226415207377,23.461683979402853
oddball_flex,open,1,47.043847708250404,33.893,T7,False,24.72580317368573,1.9198111928284927,0.0,2.689927161210939,0.06915629322268327,38.43717193603504,9.351562500000057,9.064110475474145,44.45413285116444,5.22689186874752,18.37343183099196,3.1415547579108316,11.367280355660311,5.821391410009701,21.068821150888958
oddball_flex,open,1,47.043847708250404,33.893,FC1,False,19.84987227435844,2.5107024071195987,0.0,2.0475735813400924,0.09220839096357768,25.478006362913987,6.273392677307129,8.98657776364744,57.75355795556707,3.407359195260132,15.98294804135542,0.4219052047447253,8.037324233934493,3.1620945394002353,15.105337111579983
oddball_flex,open,1,47.043847708250404,33.893,FC5,False,21.921931920113717,1.7051193826401978,0.0,3.045723829446492,0.16136468418626093,26.294824600219755,6.8142347335817135,7.71453362638653,40.05094644000251,4.0760669259920785,17.32870519236545,2.0655046423219043,10.90711481738735,6.245570465885821,28.557255506504024
oddball_flex,open,1,47.043847708250404,33.893,FT9,False,39.27955601765325,1.8541863718862142,0.0,3.13977277484146,0.09220839096357768,56.24542808532635,15.605751037597514,15.063938850892871,62.946603282305915,7.448076687126536,10.898985714584441,6.386864852824709,8.536206250867087,8.69097953562781,14.510299219617645
oddball_flex,open,1,47.043847708250404,33.893,F3,True,21.462704643299013,2.50135776920456,0.0,2.4747070005220833,0.18441678192715535,25.19309234619066,5.911931991577701,7.516634149674531,38.457809882707025,3.560519362700423,15.465824207621376,1.865160097744203,10.467359566437832,6.8167512059957405,32.73378712600746
oddball_flex,open,1,47.043847708250404,33.893,F7,False,26.935696045368132,2.189895463727496,0.0,3.4597010681295304,0.437989857076994,63.83957290649505,15.967494010926572,8.699100357609128,40.52162147033728,4.649066967746627,15.947164580185483,3.6045331619509096,12.538052838672787,6.998153680002445,27.390007271080023
oddball_flex,open,1,47.043847708250404,33.893,Fp1,False,29.43709580782141,2.5997420804976663,0.0,5.255645359427681,2.3052097740894424,317.6683292388916,18.734572410583496,9.825171235711965,37.70506715000707,5.159614815454035,12.877871183134188,3.586274880229761,8.964169978401463,9.913307306722798,38.47807401311225
oddball_flex,open,1,47.043847708250404,33.893,Pz,True,17.998124982689276,6.275998978086454,0.0,2.2382216612923083,0.09220839096357768,30.0916881561281,7.1986007690435585,10.328665022482701,59.517791049463355,3.432353659000232,12.162298777477778,2.751658986350704,10.397913512894732,4.355474000692537,15.042766082239561
oddball_flex,open,1,47.043847708250404,33.893,Cz,True,15.828765744386011,1.8339512022676483,0.0,1.941633650018241,0.18441678192715535,16.266357421875654,3.8160676956178605,5.737065887219376,44.58903111486744,2.6464718437352035,21.886112698985336,-0.060923142508329815,11.733542010107044,1.678574405591196,17.513739568501126
oddball_flex,open,1,47.043847708250404,33.893,O1,False,42.25401509805565,2.2102755345785914,0.0,5.73112812553041,1.6597510373443984,42.89364147186211,7.521453857421989,10.151362060346932,20.492859524728484,7.980369997383746,12.430922439168983,8.908384337716305,15.392345064382804,13.961855919244302,49.277872432212305
oddball_flex,open,1,47.043847708250404,33.893,PO9,False,59.03942983839183,6.167441228679012,26.47058823529412,3.552660762374012,0.6224066390041494,114.22390556335404,20.18783473968506,22.163207195227066,80.84165794880913,11.482932592287938,6.912064011345211,9.723834561016995,4.609968398369254,11.23932425028845,6.5350199422470405
oddball_flex,open,1,47.043847708250404,33.893,P3,True,17.84316898051719,1.5192653323898406,0.0,2.088015799849613,0.2074688796680498,11.134326934813444,2.376643180846685,6.1745312050884715,37.37880142546686,2.672290716593656,16.687885930764615,2.0496945204095414,14.459114700165662,4.9145042858451475,27.965505850692463
oddball_flex,open,1,47.043847708250404,33.893,P7,False,25.929883257183654,1.8186541198067323,0.0,2.961320542055283,0.06915629322268327,16.208379745482716,3.0280761718748863,6.539864335155773,25.721176925310367,5.657799956106839,20.993478218079332,4.299546055328966,15.355324855497916,7.871395082502593,34.94973695897203
oddball_flex,open,1,47.043847708250404,33.893,CP1,False,16.724656239416834,1.7679847436271245,0.0,1.876045018107388,0.18441678192715535,12.997034072875792,4.0579557418816385,5.819481878848942,48.99564264825452,1.1039856851291812,16.54275504651705,-0.25387892018879216,12.101003276599164,1.6124013420646346,18.5972789258544
oddball_flex,open,1,47.043847708250404,33.893,CP5,False,15.898208812120732,1.6437983745462386,0.0,2.173020413205181,0.09220839096357768,17.11474800109852,4.641721725463725,4.121956865603837,33.69862609002862,1.8346088034671093,19.90111405145932,0.6230978967671476,15.056578679885854,3.210653805283064,27.320075097136925
oddball_flex,open,1,47.043847708250404,33.893,C4,True,15.81693909753421,1.7487259755934623,0.0,2.059285437404266,0.2535730751498386,17.347806930542333,4.138781547546522,5.079681611784959,38.260681858506764,1.9952859139674928,18.806723334728005,0.5580914449676584,13.508082014917974,3.1846947465934017,24.7317028008769
oddball_flex,open,1,47.043847708250404,33.893,T8,False,27.979725562517288,2.2610133064427784,0.0,3.0548144316403953,0.5532503457814661,32.098150253295785,7.977827072143555,9.024085939610206,37.38595182421793,5.439637044180799,16.378101282110176,4.195293984942431,12.297851557325995,8.083411084053406,30.105161161289335
oddball_flex,open,1,47.043847708250404,33.893,FC2,False,16.135264869383526,1.8868503792408478,0.0,2.2005690088724466,0.06915629322268327,11.658159255981076,3.2672643661499947,5.219994295181777,38.93945002772695,2.713876631256526,21.866438195224774,-0.25891907083985555,11.028043658397786,3.219634850188333,24.567098598359593
oddball_flex,open,1,47.043847708250404,33.893,FC6,False,19.737821412319704,4.0928894543802645,0.0,2.8258146688882713,0.46104195481788846,37.112440109252816,8.376080512999906,12.845472842298935,65.206792617056,5.45494729301944,11.891599765982312,2.293465071502481,5.742381761700155,6.224433970453349,14.196750552714002
oddball_flex,open,1,47.043847708250404,33.893,FT10,False,37.550801810605215,3.342286482048623,1.4705882352941175,2.9964568546479193,0.2996772706316275,53.13361930847226,8.29854774475102,14.33137893012734,56.171120110348674,9.123029737777651,16.93082672382197,6.811736039846021,9.943717904565448,8.281080112160048,13.947077123802096
oddball_flex,open,1,47.043847708250404,33.893,F4,True,28.28213752647942,1.7392487763455204,0.0,3.2016359413445974,0.437989857076994,24.970090866089194,8.147093772888397,9.889134308361566,43.620228839748904,4.735568165732288,13.314698154071754,2.7399991231761893,8.40958222231398,8.5559717267302,32.0901451481908
oddball_flex,open,1,47.043847708250404,33.893,F8,False,21.556973029638897,1.8107371095048317,0.0,3.446688218454079,0.6224066390041494,51.55565071105934,13.276857376098235,7.522857584058599,42.13683222008449,3.0162644535230783,14.928032430128873,2.6526510003246666,13.729073325806912,5.342017598507628,25.502213917796436
oddball_flex,open,1,47.043847708250404,33.893,Fp2,False,18.213947847539316,1.678054011904475,0.0,5.637143434328418,2.2821576763485476,365.50863456726074,22.448992729186557,7.311684061457811,52.068850662306154,0.8897619201069682,11.868225167338064,-0.4698291939838112,8.678140275181658,3.9950628426507597,24.261400636402808
oddball_flex,open,1,47.043847708250404,33.893,Oz,False,32.28025139983255,2.571525604920054,0.0,3.357177211962949,0.3457814661134163,32.43879985809281,10.977848052978288,13.183216806958846,51.454723952685825,8.049477811776605,15.777978251748252,6.221198226031392,10.35674765143509,9.016107795015001,19.711258407401086
oddball_flex,open,1,47.043847708250404,33.893,Fz,True,19.764779749207065,2.7154418787794357,0.0,2.2328480830104565,0.16136468418626093,17.198591232299634,5.18665790557894,7.910469809087477,43.996276072884875,4.56184714609486,20.349495756729056,0.9870890615714736,8.934656159070027,5.286162947146811,24.042810439971728
oddball_flex,open,1,47.043847708250404,33.893,O2,False,43.723671620419864,4.779249828408541,10.294117647058822,4.848559581305845,1.2448132780082988,221.39768028259232,15.786130905150912,17.845311842648517,64.34784444913359,10.038615055369085,10.66262964162517,8.292758695032703,7.133106176336018,11.767234687785862,15.87545889450897
oddball_flex,open,1,47.043847708250404,33.893,PO10,False,33.08601196698308,3.6073267903939805,1.4705882352941175,3.0017686171607414,0.23052097740894423,37.969209671020735,11.661346435546825,15.103217531396204,63.50838732530142,9.210186663781759,16.35038555166916,4.480328109739984,5.502273103246493,8.013413397092737,12.41225448911858
oddball_flex,open,1,47.043847708250404,33.893,P4,True,18.413638855445456,1.709492508158016,0.0,2.424769896620132,0.18441678192715535,17.39947700500329,6.649875640869794,5.136707721840389,33.48298013622222,2.776223222270178,19.44355420889165,2.1768680634350783,16.937142418297082,4.039659724376234,26.008739536661725
oddball_flex,open,1,47.043847708250404,33.893,P8,False,28.434704182700813,2.667240694998998,0.0,3.3651433042771743,0.599354541263255,25.84866523742653,9.104301452636719,10.555485906703826,44.93279126799691,5.905568597556533,15.401806658088582,4.4696479944846415,11.065718218824298,8.098418741823368,25.518590438111243
oddball_flex,open,1,47.043847708250404,33.893,CP2,False,15.642157631432962,1.6350777887651406,0.0,2.1158437981148954,0.2766251728907331,14.865732192993107,4.588014602661417,3.346306997075099,32.50183736279935,1.7684137937010613,22.60052836834142,0.19265230699209712,15.723254489914124,1.9647264774071935,23.645573988065006
oddball_flex,open,1,47.043847708250404,33.893,CP6,False,21.900995379509475,2.4188493185457047,0.0,3.4591519152204757,0.5301982480405717,16.060930013655735,4.321038722992071,8.066824959710187,36.52032985351117,3.4773771206173514,12.693749029384046,2.921949365679512,11.1698446255525,8.082829862575048,36.655165249138335
oddball_flex,closed,2,47.94075104158374,63.735,C3,True,13.4058573045027,48.286070364628415,4.724409448818897,1.7277350791374775,0.01225940909648155,27.838910976021765,3.5579833984372726,16.82670652897555,91.75417988278033,2.9616027615997726,3.7680397968120563,-1.445177563461655,1.3659583223882439,1.1119139382590553,2.4611982560695593
oddball_flex,closed,2,47.94075104158374,63.735,T7,False,19.939115744115245,2.921644475795143,0.0,2.2371659464480365,0.0,11.948686981201888,3.221508026123047,10.711144293471639,63.60693209193053,3.985101721612315,13.517618700500202,1.8767682109304928,8.318917949314736,3.4185196550484953,11.864296326125977
oddball_flex,closed,2,47.94075104158374,63.735,FC1,False,17.38282481098043,2.1402185589736247,0.0,1.9107113213576228,0.0,15.666107340472166,3.340799331664954,7.619622915238541,54.529177272112406,3.3076472177114224,20.20372159789094,-0.994993965207463,7.501830670278261,1.8526002852524166,14.451957714128255
oddball_flex,closed,2,47.94075104158374,63.735,FC5,False,18.174053090126506,1.7090937469835064,0.0,2.3692442843350814,0.0,9.430944633484415,3.3308525085448366,6.135506270163932,41.38732520954591,2.868055014825768,19.5039346928399,1.085924948464778,12.939253678611257,3.5389553770941036,22.762097029597577
oddball_flex,closed,2,47.94075104158374,63.735,FT9,False,25.35791778024596,1.8260312378730654,0.0,2.953539014007271,0.0,15.434554290771075,3.6396942138667896,10.817785650301717,52.16469923541677,5.617061488516864,15.75086073301849,3.994798460832523,10.841215785407206,6.014567039994495,17.260558604085723
oddball_flex,closed,2,47.94075104158374,63.735,F3,True,15.698323122608146,2.672262898992019,0.0,2.1314833510166356,0.0,8.451182937621923,2.0719146728516975,5.687165077810695,44.15474493068754,2.7592030011846047,22.499930294307728,-0.40554640082518306,10.856909868948993,2.095085113003594,19.30942688389637
oddball_flex,closed,2,47.94075104158374,63.735,F7,False,19.42002761320426,2.229408691887716,0.0,3.076105067280304,0.0,15.103049468995664,3.7850761413571945,6.870078452194129,40.08360877034559,3.782981589679548,19.690517413275657,2.4588401486879086,14.515867130187637,4.2199766075180225,21.774923110832084
oddball_flex,closed,2,47.94075104158374,63.735,Fp1,False,20.896690090903043,7.7561699511522315,3.149606299212598,3.2776181508773843,0.0,33.6359041213982,6.506542205810547,12.899890779853969,74.47965944584315,3.1817424104365855,7.9473592513298446,1.4807784923819174,5.371881865847356,4.449115157896271,10.640453055364691
oddball_flex,closed,2,47.94075104158374,63.735,Pz,True,13.874627393795421,2.2919205232774376,0.0,1.8841287083523188,0.0,7.240476799011645,1.8328056335442966,3.1498134378643443,31.890446636589232,0.7697176892424694,18.43533470350996,-0.10524095234028467,15.071454359019548,3.066874070992563,31.287197599179617
oddball_flex,closed,2,47.94075104158374,63.735,Cz,True,13.831168876005815,1.599793731405584,0.0,1.718385279620854,0.0,7.612899780273295,1.9363212585444103,4.37287201457177,41.68176541751987,2.168196661758585,25.08872376458342,-1.7663678180482967,10.139630330333624,0.781057010026363,18.229073861102087
oddball_flex,closed,2,47.94075104158374,63.735,O1,False,33.81989798546925,9.406747174482755,3.149606299212598,5.179843052369527,0.35552286379796494,49.092514514923096,2.9513834061162925,17.66336527595693,64.53973236360471,6.198308202119901,4.6059736884503835,8.885253225138579,8.550981267575922,12.847298901591394,21.29219930313403
oddball_flex,closed,2,47.94075104158374,63.735,PO9,False,32.456974470137524,1.924752996999218,0.0,3.1102996028308594,0.0,11.136689758301145,3.3128910064697266,8.785323879137742,27.645580664938578,7.46809673159428,20.41281978899997,7.26635963470724,19.486295844602477,9.168753101727066,30.197336499877313
oddball_flex,closed,2,47.94075104158374,63.735,P3,True,16.24754025650493,1.4842774039045685,0.0,1.45163735373796,0.0,6.37091407775895,1.4124641418457458,4.115640700201012,32.88103713579611,1.1797499108503147,16.724626536825756,0.757006510696589,15.173371416061507,4.010089699916551,32.09152885689218
oddball_flex,closed,2,47.94075104158374,63.735,P7,False,21.474693538851948,1.4321053939452448,0.0,2.3281308558761213,0.0,8.314727115631115,2.5580139160155113,4.00241010035988,21.705281802239444,3.3613977493067084,18.726826790651874,3.313250673971831,18.520362635267233,6.4884098097850975,38.47382804780749
oddball_flex,closed,2,47.94075104158374,63.735,CP1,False,12.451451605898114,1.5523439895512077,0.0,1.5866727590483007,0.0,8.465860748291576,1.4982299804690982,2.946947156186365,36.829115652169136,0.8052942506623716,22.491892548318038,-1.7690013175421002,12.43358716338345,0.9934844152321741,23.487944742576136
oddball_flex,closed,2,47.94075104158374,63.735,CP5,False,13.405678478172405,1.5333579669734256,0.0,1.7192811659665361,0.0,8.835319599536888,2.1615371704099857,2.9171787867086625,33.966352507992724,0.26275066502759453,18.433427717554913,-0.621999869295412,15.035956024446872,2.337218096543882,29.720276357756354
oddball_flex,closed,2,47.94075104158374,63.735,C4,True,13.642332604588038,1.4589427450548023,0.0,1.643558991622266,0.0,8.030843353270857,1.4133477167251662,3.11206208813958,35.27296472289423,0.7998359761870262,20.711871968883642,-1.3268700798097963,12.69254603481971,2.11656275993893,28.04736273250103
oddball_flex,closed,2,47.94075104158374,63.735,T8,False,20.317270219278846,1.5185669582111962,0.0,2.5374260326860085,0.0,12.266279602050588,2.9225540161136223,5.487728201113064,28.287556210436566,4.324006333136023,21.638305254720354,3.6246855677056162,18.420065348991077,5.351226638103485,27.412287222540748
oddball_flex,closed,2,47.94075104158374,63.735,FC2,False,13.758888391465417,5.257433408094299,0.0,2.01685713608878,0.0,9.312643051146779,1.6514492034911967,3.55666374472452,36.794698986945036,1.643466727423205,23.68457263065968,-1.3114240850937864,11.99434320065211,1.7513907343247963,24.28051831279507
oddball_flex,closed,2,47.94075104158374,63.735,FC6,False,15.692113803976728,4.865426629829467,0.0,2.2692367469126107,0.0,21.78270988464348,4.4046936035154545,12.338202293568273,70.91032830009686,4.715638427155903,12.25894536281937,1.462439655286372,5.796064800080448,3.2684532703619156,8.784854922867783
oddball_flex,closed,2,47.94075104158374,63.735,FT10,False,26.364322999634837,2.837801346776506,0.0,3.069896704094845,0.0,16.36770019531224,6.09408187866218,11.555173491020593,49.670816255392516,7.112245216962988,17.856998804116202,5.295803552551011,11.753421284637472,6.9328252950781755,17.134304370244845
oddball_flex,closed,2,47.94075104158374,63.735,F4,True,19.373040467992205,4.10939832029071,0.0,2.377796792592166,0.01225940909648155,14.670002746581659,4.73954391479495,8.47550618055358,53.67120591221857,3.86101675968848,18.54780029845471,0.79514009633677,9.155978093737179,3.256796016548333,16.138766455375514
oddball_flex,closed,2,47.94075104158374,63.735,F8,False,17.45371542259477,1.7315345278702585,0.0,3.108912684843909,0.03677822728944465,21.550255966186228,3.7313957214348648,4.953646350049064,34.931657953310165,2.5275548326387693,19.98067000604231,1.60036212319809,16.139526016207498,3.4797964158783583,24.879073637137093
oddball_flex,closed,2,47.94075104158374,63.735,Fp2,False,12.988070066277757,7.0854046343388974,0.0,3.0539859089627215,0.01225940909648155,20.4375286102304,5.255512237549738,6.167704054140671,60.110446891654135,-0.8294654914680087,12.001430160167548,-1.935368243602967,9.30342213113172,0.4407594989788658,16.078869161102098
oddball_flex,closed,2,47.94075104158374,63.735,Oz,False,23.03702943516195,1.5813933677909906,0.0,2.721204368292209,0.0,14.910673904419582,3.18552970886185,5.578017153890006,24.125623325308492,4.584422459507291,19.191948670987944,4.318312068744036,18.051281313323493,7.335152667289129,36.156975437894104
oddball_flex,closed,2,47.94075104158374,63.735,Fz,True,15.631406017098115,5.8778600322833565,0.0,2.1325785537592252,0.0245188181929631,14.838820266724156,3.040138244629162,11.296602133701874,63.530572300573176,5.9543878417326015,18.567838002156552,1.4562829095383356,6.59099292082591,2.837156308040707,9.058122402845257
oddball_flex,closed,2,47.94075104158374,63.735,O2,False,29.75461082976875,1.5965053660123434,0.0,4.673423344431284,0.0735564545788893,25.587243080139615,4.970428466796875,8.666131914312201,25.30214728521515,4.316121841198141,9.29300930803643,7.138966827335191,17.80085533521914,11.27159655039874,46.10030971007767
oddball_flex,closed,2,47.94075104158374,63.735,PO10,False,23.26653862569207,2.738255014717217,0.0,2.659152239235413,0.0,18.27372627258208,3.398767471313306,11.486280982262532,58.6530087580868,5.405452310975079,14.461303079972627,3.431205050503055,9.178732265595231,5.707061684187255,15.501308713929157
oddball_flex,closed,2,47.94075104158374,63.735,P4,True,15.018572115703423,1.4506071437291455,0.0,2.07399889632346,0.0,12.18839836120543,2.671417236328068,3.5589745135150537,33.486007474763575,1.0733153254441525,18.892848892352276,-0.29497842752925696,13.786946037104775,3.2159916134385598,30.943189701655548
oddball_flex,closed,2,47.94075104158374,63.735,P8,False,20.87071743711479,1.3931525121732633,0.0,2.808120814839289,0.0,11.201337814331396,3.209426879882585,5.971011952669189,31.297500730160717,2.8580465447492065,15.283158510097813,2.2605221940030424,13.318664600653864,6.754181398682304,37.48233197615931
oddball_flex,closed,2,47.94075104158374,63.735,CP2,False,12.558018151493975,1.4346920202562348,0.0,1.7206205912981873,0.0,7.3168468475336965,1.392531241139551,2.288050795158585,34.13955976051028,0.2863829547309579,21.532335221662972,-1.914923957848259,12.970611194284915,1.2489480397202521,26.874948513904418
oddball_flex,closed,2,47.94075104158374,63.735,CP6,False,18.596183505574164,3.5514425704694665,0.0,2.99954865457085,0.01225940909648155,19.631439900398675,2.237291574478178,4.950473074337901,28.704694471125947,1.6829213028031231,13.526883556468283,0.8524798259921372,11.172583363956736,6.796141748554528,43.90558782978891
oddball_flex,open,2,49.031088541583735,57.1053,C3,True,17.277993575451745,4.595965745938121,0.0,1.911433688174149,1.737583800793542,52.82982177734027,3.5919532775865264,3.432141534209175,35.61285903249781,1.2369421214586964,21.482602833015104,-0.9265732315360425,13.053752195411306,1.9286455772342024,25.19168660909511
oddball_flex,open,2,49.031088541583735,57.1053,T7,False,33.95006886863405,22.205991161838472,11.304347826086957,2.5582116955947245,1.4913120809960323,45.839571380615155,8.09631729125988,11.431232771371374,56.095960802149904,5.254320569889033,13.528211076216119,4.0063200807782495,10.149398901029159,6.426059264783383,17.71798135311154
oddball_flex,open,2,49.031088541583735,57.1053,FC1,False,31.958048933885664,6.664456494835317,5.217391304347826,2.07993359464282,1.7102202763715966,46.46054344177249,8.022653579712113,16.9948697697206,83.51283937072354,7.067523604541165,8.492169092864463,1.9236212302755047,2.5979356866128454,3.3029026772808416,3.5690821178005794
oddball_flex,open,2,49.031088541583735,57.1053,FC5,False,26.638118077083035,4.506144656764342,1.7391304347826086,2.846737970056632,1.5323573676289506,54.29766616821314,4.338962554931612,7.339011779591928,41.95885280654657,2.8026189272785356,14.763329759855576,0.847498216990024,9.411790454501629,5.97855417290682,30.674524906485413
oddball_flex,open,2,49.031088541583735,57.1053,FT9,False,42.303519877151786,3.141100581070758,4.3478260869565215,2.9847713364481456,1.38185798330825,44.35553455352846,8.703823089600007,13.141786716728694,57.68245655036351,6.869639690758599,13.609088710243489,5.265163844273353,9.405490743917627,7.887141958430562,17.202013009686002
oddball_flex,open,2,49.031088541583735,57.1053,F3,True,27.875300196990423,5.830610424233442,1.7391304347826086,2.3516168452406814,1.942810233958134,105.32218322753901,4.203678131104155,7.571223102164534,40.777621524547804,4.36653234115618,19.49632763634083,1.1146335401813579,9.220679664617942,5.654728182834374,26.228436261340978
oddball_flex,open,2,49.031088541583735,57.1053,F7,False,39.04331408843821,4.929662018659946,6.956521739130435,2.8886577470152974,1.764947325215488,48.46647853851215,11.89957809448191,9.893900661557996,49.631131726845936,5.368125255147767,17.50558537191088,2.690496164545573,9.44960660234696,6.075234520332604,20.60096500146961
oddball_flex,open,2,49.031088541583735,57.1053,Fp1,False,36.693518143667816,5.980855537619817,7.82608695652174,3.8234455051012803,3.598303461485839,428.8075019836424,18.01888656616211,11.561936101930803,55.957124205771294,4.0398970220763974,9.900371214799673,2.171647827581749,6.439120602323113,8.14399287881319,25.471883776982335
oddball_flex,open,2,49.031088541583735,57.1053,Pz,True,25.85486583627598,18.936492090296685,11.304347826086957,2.0236660524010834,1.764947325215488,51.34734210968004,2.9824409484877634,7.212302732326914,46.77774629455926,2.0016769542340693,14.092132446374398,1.6446017698451831,12.97983578049523,4.122309384296728,22.963599257357455
oddball_flex,open,2,49.031088541583735,57.1053,Cz,True,25.390781415383273,7.073962178657823,5.217391304347826,1.9824301152328734,1.9701737583800794,53.55589981079166,3.466403961181811,8.238360356440758,48.606357688503685,5.580395475249728,26.357037250822003,0.769258946532132,8.705283868713543,2.4440557846525297,12.801551901229754
oddball_flex,open,2,49.031088541583735,57.1053,O1,False,68.7566661522815,16.029909495989195,38.26086956521739,5.282861830842519,7.579696264878917,55.09378461837741,6.620076179504622,12.965980655862024,35.37413113289486,6.828066519422896,8.607843605800642,8.849872869934174,13.711185384524477,13.475680342933902,39.779173012517596
oddball_flex,open,2,49.031088541583735,57.1053,PO9,False,131.20510907075982,15.028138202500973,50.43478260869565,3.6377213378084163,10.110822273908878,114.19716167449951,23.207096099853516,24.50697972455645,82.41075279258362,14.366325730960199,7.978449158785912,11.187983547979979,3.8378170119337454,12.077693019212933,4.710372043471019
oddball_flex,open,2,49.031088541583735,57.1053,P3,True,25.7443943357165,6.89770699152147,3.4782608695652173,1.7180019075037904,1.8470378984813245,48.774039459228646,2.850872039795007,6.932122793478507,41.486452964433454,2.4852608731230776,14.901161195697737,2.0284096356909287,13.413279954890427,5.142639637608008,27.476283529454214
oddball_flex,open,2,49.031088541583735,57.1053,P7,False,54.259825312887585,34.157016129090536,33.91304347826087,2.839236208270598,5.431659597756191,63.34216985702534,6.456759452819824,12.743328781571046,52.9991436286422,7.166042917312829,14.673721286729041,5.05295329596802,9.020514390352668,8.674154207094038,20.76593043385157
oddball_flex,open,2,49.031088541583735,57.1053,CP1,False,35.87113349930638,17.623362550208856,16.52173913043478,1.8552143822974598,1.9701737583800794,54.067733764647805,3.125885009766634,8.467615650036267,59.845985664888744,2.2913113022349805,14.434594544834365,-0.48170572029158926,7.622595728779948,2.4748575601997063,15.057719934352154
oddball_flex,open,2,49.031088541583735,57.1053,CP5,False,20.993020826176274,6.292013983470622,2.608695652173913,1.9746339359837735,1.3134491722533863,50.986307144164925,2.685352325439055,5.1393461406781675,38.00219300019064,1.3475370873221086,15.871857436372267,0.994327611514888,14.63210491123694,3.9278584891523054,28.751459406422843
oddball_flex,open,2,49.031088541583735,57.1053,C4,True,19.213874149503006,5.559337285865611,0.8695652173913043,2.261283207326295,2.380626624709263,44.0109470367435,4.781486511230739,4.749917572825936,33.99274364367858,1.9504681864548488,17.841907374159625,0.38435457147297186,12.44027322693072,4.589586099772961,32.76069237778949
oddball_flex,open,2,49.031088541583735,57.1053,T8,False,36.670974006455296,25.145835824815876,12.173913043478262,3.5308775051005408,3.1194417841017925,70.30022010803259,4.818996429443018,9.376184564958542,35.472191142736044,5.268609315445159,13.776233366569807,5.16619932829684,13.455179389537905,9.291994045002202,34.79116439297846
oddball_flex,open,2,49.031088541583735,57.1053,FC2,False,20.619916829099964,5.307203624400426,0.0,2.29207982841441,1.6281297031057602,54.272565078735454,3.175533294677436,4.2313460431561705,35.15432598772194,1.4373288606838384,18.474685644149172,-0.4808267182975602,11.878497195852383,3.6730349889047957,30.913463834503048
oddball_flex,open,2,49.031088541583735,57.1053,FC6,False,31.596413182306645,5.851154309978437,5.217391304347826,3.035531337306157,2.4490354357641264,48.56845722198506,9.036697387695455,11.433376875283605,57.91662774878521,4.487499483635073,11.700799231271132,2.5770379164389254,7.53649422727595,7.029258400604439,21.00832460751715
oddball_flex,open,2,49.031088541583735,57.1053,FT10,False,63.20379155798435,4.9913015919298545,19.130434782608695,3.360063238954793,2.312217813654399,136.58166656494132,10.126140594482024,21.90758379355877,86.62686445336438,9.795207299994473,5.326169037547998,6.878140923597172,2.72087323131978,8.838543619676521,4.2731543242138
oddball_flex,open,2,49.031088541583735,57.1053,F4,True,28.989048382321553,4.97467319889246,5.217391304347826,3.075464689637791,2.353263100287317,78.53486289978036,5.181781768799134,8.153757435303579,40.03251521791627,3.353176225864049,13.254237747495598,2.6809246693042454,11.353495726251936,7.164074984305369,31.87459184413859
oddball_flex,open,2,49.031088541583735,57.1053,F8,False,30.73912972554163,6.580403315532466,9.565217391304348,3.243599200727744,2.8047612532494184,83.81593513488679,8.899360656738963,8.074040791647697,46.788193908725674,3.5953484466848,16.6827271410231,2.254075027001828,12.250101994656154,4.706015642766344,21.54436837577033
oddball_flex,open,2,49.031088541583735,57.1053,Fp2,False,22.898578994645202,6.344098382245915,3.4782608695652173,4.0665121549702565,3.735121083595567,306.59882431030474,7.392848968506769,5.951281186019923,50.37999008270286,0.05311256101623074,12.955113290294221,-0.5809335057603746,11.195322495325064,2.5499353216284497,23.02096323299058
oddball_flex,open,2,49.031088541583735,57.1053,Oz,False,49.98140574408338,32.751759534323,39.130434782608695,2.820486695839119,8.838418388288412,50.31545248031625,7.885098457336426,12.266422213276444,50.08499464398053,7.451221137848766,16.526752532530445,5.061785987304713,9.533316445340887,8.522385690454291,21.14968869809081
oddball_flex,open,2,49.031088541583735,57.1053,Fz,True,26.877252809296362,5.500756418963866,5.217391304347826,2.3041550361307968,1.87440142290327,39.889327812195056,5.5044517517088565,10.433735687989824,57.7328217367988,4.6675285550157755,15.303898307721314,2.4341558705320163,9.150920929537849,4.224111493960067,13.818482888889752
oddball_flex,open,2,49.031088541583735,57.1053,O2,False,162.7384174164832,8.978874409214015,55.65217391304348,4.116317771362995,9.180462443562732,136.36837120056134,15.656616210937045,21.003045165348805,80.23505245257047,10.3115993828413,6.842574941657305,7.866060771813235,3.8964194404668278,10.825106239306258,7.701410065909011
oddball_flex,open,2,49.031088541583735,57.1053,PO10,False,111.3514796622414,15.029710244854261,48.69565217391305,3.4566714541994044,8.660555479545765,90.7988075256347,33.27959060668903,21.010456886319858,75.49916999364055,12.78959138047426,11.37249164967569,9.138131458113007,4.905797689955801,10.188162514080458,6.247593148762056
oddball_flex,open,2,49.031088541583735,57.1053,P4,True,33.920143740248704,21.573456542564045,20.0,2.286246040108565,2.27117252702148,57.33821334838842,4.522354125976676,8.206748725439345,49.5526746134957,2.822094958954871,14.341736003029663,2.4848723723973776,13.270261018168702,4.2043506347912025,19.716385068542383
oddball_flex,open,2,49.031088541583735,57.1053,P8,False,44.03070938437588,36.63170146130604,28.695652173913043,3.7275859012587484,7.40183335613627,71.66146202087401,4.735378265380973,10.112229203285835,36.85575646928686,5.39945766200629,12.451686433218914,6.005462662293275,14.316230279165037,9.673242137053254,33.312453715176666
oddball_flex,open,2,49.031088541583735,57.1053,CP2,False,30.952902671825182,25.597117854444853,15.65217391304348,2.100313408716656,2.27117252702148,60.02084732055718,3.8945922851557384,6.142517237048525,44.22149355028111,2.690843444799134,19.974045151161114,0.33212011035554606,11.603625234184639,2.8939911996781564,20.930557814184773
oddball_flex,open,2,49.031088541583735,57.1053,CP6,False,30.865858202962414,7.018922959018441,5.217391304347826,3.618490619765841,2.6953071555616366,58.01067879200042,6.568131208419629,7.247526965111288,31.41316753655602,3.3374671746631894,12.767496618533979,2.4912729692470066,10.507183839083849,8.532249667233271,42.22639449816612
