metric,label,scope,ratio_scale,gng_flex_n,gng_flex_median,gng_flex_first,gng_flex_last,gng_flex_slope_per_h,gng_flex_lo,gng_flex_hi,gng_flex_rho,gng_flex_p,gng_flex_constant,gng_flex_settled_slope_per_h,gng_flex_settled_lo,gng_flex_settled_hi,gng_flex_largest_step_share,oddball_flex_n,oddball_flex_median,oddball_flex_first,oddball_flex_last,oddball_flex_slope_per_h,oddball_flex_lo,oddball_flex_hi,oddball_flex_rho,oddball_flex_p,oddball_flex_constant,oddball_flex_settled_slope_per_h,oddball_flex_settled_lo,oddball_flex_settled_hi,oddball_flex_largest_step_share,step,step_pct,pooled_slope_per_h,pooled_lo,pooled_hi,pooled_rho,pooled_p,both_ci_exclude_zero
hf_20_45_uv_rms,20-45 Hz noise (uV rms),core,True,11,2.2513809405135543,2.00534142953404,2.5645894472418758,2.7403293817080274,1.6819287500032378,4.544103071285935,0.8363636363636365,0.0013331850799508565,False,2.7403293817080274,1.3281517132544138,4.65051644372324,0.5762030111872557,12,2.461817451165347,2.450630201155505,2.694977306181602,0.4596464246715895,-1.261583561233315,2.7632112425229858,0.17482517482517487,0.5868236643627043,False,0.5054975284743943,-2.2191733470069193,3.320245054987496,0.7503736081615977,0.21043651065179247,9.34699707477272,0.42063658906250817,0.20158337727597944,0.6964713946147678,0.7223320158102766,9.936054710744465e-05,False
hf_20_45_uv_rms,20-45 Hz noise (uV rms),inner,True,11,2.2513809405135543,1.9601136550844682,2.5645894472418758,3.1160541932173644,1.6645257934009992,4.973869767324633,0.8090909090909091,0.002558580199713917,False,3.026634311246634,1.0158882371266882,4.973869767324633,0.7369684894051227,12,2.487965143769461,2.450630201155505,2.694977306181602,0.28609396890650884,-1.674225554358461,2.7632112425229858,-0.006993006993006993,0.9827917689028476,False,0.33023104739950343,-2.358101484509553,2.9224525016735967,0.7186196565394993,0.2365842032559069,10.508403931053113,0.4150106992228332,0.15896376846949606,0.7040952916292501,0.6146245059288538,0.0018048352216738408,False
hf_20_45_uv_rms,20-45 Hz noise (uV rms),rim,True,11,3.03242684147435,3.03242684147435,3.0455432016634685,1.471263229729264,-1.5702143041455616,3.9224341062435713,0.5727272727272729,0.06554305260101852,False,1.8231780925071581,-1.6436877389869053,5.30396799472518,0.798696429348682,12,3.569986863664452,2.9929405126560384,3.8857151823735494,2.1407026487253127,-0.7091712278401044,3.5231315936099334,0.2867132867132868,0.36625146058358227,False,1.3790829432215617,-1.2628084152566035,2.916544407527123,0.7627334602199177,0.5375600221901022,17.727056588403745,0.7342223157869155,0.4585246493320554,1.0243047573769417,0.7974308300395258,5.206894722871645e-06,False
rms_1_20_uv,1-20 Hz rms (uV),core,True,11,4.979512663692432,4.979512663692432,6.510711883784526,18.694122263398718,-1.954639719831577,32.77328193623316,0.6636363636363638,0.0259841339187655,False,21.87485460287867,3.4674012447435514,36.04462345754439,0.7942963714154802,12,4.933379764161385,5.786269457643734,4.452389054994048,1.3065508336780778,-3.9838876246920627,7.1361046815077795,0.07692307692307693,0.8121826980280591,False,3.6510622400581374,-1.6414641436908166,10.00511393133293,0.5092420577833359,-0.046132899531047045,-0.9264541059895278,0.5551805809677948,-1.4906168858024502,1.9777083006415404,0.12351778656126483,0.5744611041376416,False
rms_1_20_uv,1-20 Hz rms (uV),inner,True,11,4.5464656706806625,4.058363147130036,6.438218648050326,21.02506331554998,1.4511773020210526,35.458267943508176,0.7454545454545456,0.008454728885061567,False,22.96348380638847,2.853464256746728,37.000956630973945,0.8295239010617356,12,4.6630514278922846,5.786269457643734,3.967625865166765,-0.6335148942595528,-7.304673387101248,5.772510726218469,-0.11188811188811189,0.729194990751066,False,1.3434416009488168,-6.0387897386115,8.357186828051896,0.7381856023264047,0.11658575721162201,2.564316232792926,0.4275431360150418,-1.7764133773761916,1.7072310327673084,0.17786561264822134,0.41682106458459306,False
rms_1_20_uv,1-20 Hz rms (uV),rim,True,11,6.181975688932601,6.181975688932601,7.431209472432593,11.112879974487736,-3.8565930212366375,24.096720719428703,0.5909090909090909,0.055575604288774685,False,13.113998987997366,-1.6061711017276938,28.874536441198252,1.0,12,7.626347990853556,7.315363614249128,7.218292447046187,0.2525793485653107,-3.7200197704196554,4.2634659183746795,0.055944055944055944,0.8628980736949713,False,-0.1161780755583694,-5.043897972521699,4.2634659183746795,0.7273855730811766,1.4443723019209544,23.36425076059049,1.619810402341908,0.33711472468952003,2.922443143503496,0.641304347826087,0.0009744185569798833,False
hf_over_lf,20-45 Hz / 1-20 Hz,core,True,11,0.4565285145549118,0.4565285145549118,0.3594752071993966,-1.4233211788217672,-2.8290911779166086,-0.052111868275128176,-0.7363636363636363,0.009759535959916904,False,-2.066958013766546,-3.2528204518118375,-0.23997218648157484,0.8371277219897832,12,0.5300912263618677,0.423525074159516,0.6172702239664358,0.281600293178392,-0.5058722694945686,0.7809270734237138,0.14685314685314685,0.6487957097846665,False,-0.2069999076980181,-0.7591075699212507,0.7809270734237138,0.8525653919540892,0.0735627118069559,16.11349772503809,0.043757974205670395,-0.1222093209042381,0.18073095481987614,0.06719367588932806,0.7606531611384718,False
hf_over_lf,20-45 Hz / 1-20 Hz,inner,True,11,0.5040562763783382,0.5452598242440589,0.4084814054853593,-1.5775311421451788,-3.1054850852246236,0.47459817723786757,-0.6727272727272727,0.023313039833185983,False,-2.120454010897131,-3.7537906581217255,0.3562067467434052,0.9341329580616401,12,0.5536641587010728,0.423525074159516,0.6464399571357287,0.08566529395731809,-0.6669585397021767,0.8308164028895989,0.0979020979020979,0.7621216559962992,False,-0.27148720440954116,-0.8103102540488017,0.7598989600930168,0.741002159115445,0.04960788232273461,9.841734871187194,0.0068116960361986854,-0.18665621960479845,0.16809981330527896,-0.05138339920948617,0.81588781284032,False
hf_over_lf,20-45 Hz / 1-20 Hz,rim,True,11,0.45048095772711216,0.45048095772711216,0.39263733795210964,-0.3730478182321199,-1.3282778685912542,0.9339368494071342,-0.39090909090909093,0.23454006709519437,False,-0.5896214461908992,-1.6621346675356203,0.9339368494071342,1.0,12,0.4573632997708432,0.3613406439828508,0.5411070785075647,0.36938182888768284,-0.24217217336300406,0.8268122776185821,0.3426573426573427,0.2755674509567803,False,0.11816596742340685,-0.366912747248161,0.8268122776185821,0.6241871347811788,0.00688234204373106,1.5277764632839765,0.009473056349836948,-0.074552244277384,0.09470792054494004,0.02075098814229249,0.9251264681656183,False
p2p_median_uv,1-s p2p median (uV),core,True,11,17.331968346672433,19.313836313594194,17.92654035656579,-4.038989653850325,-18.378557874692845,4.503730489406319,-0.23636363636363636,0.4840911622253965,False,-2.6862827180399136,-11.753585116393122,7.4059347385699485,0.5455073737973424,12,19.786020452570177,17.933944111333247,19.007475283938945,4.526174193833546,-7.965352210320706,14.88555626676471,0.4055944055944056,0.19083587400450036,False,3.405258670520377,-10.409577174623442,10.450732959870393,0.6998632345031104,2.4540521058977447,14.15910793749458,2.2842345654393545,0.9697246798693141,3.559672107044172,0.650197628458498,0.0007832770321934849,False
p2p_median_uv,1-s p2p median (uV),inner,True,11,17.34963512515135,19.313836313594194,17.92654035656579,-4.024308027120907,-18.378557874692845,4.503730489406319,-0.23636363636363636,0.4840911622253965,False,-3.7461699482539688,-11.558214001049892,7.735861006408959,0.5455073737973424,12,20.24090160321454,20.046428629979896,20.6255621465054,2.539778393972603,-5.731403966329133,6.963560204677963,0.15384615384615385,0.6330906812462617,False,2.616440623497846,-8.048895892505351,7.995053122127742,0.5805556905925133,2.891266478063187,16.664710567150703,2.9256291068985814,1.822166673673548,3.9477322986196093,0.733201581027668,6.890212328185204e-05,False
p2p_median_uv,1-s p2p median (uV),rim,True,11,21.834464841263106,24.509417995781664,21.83091337972498,-3.121232886450081,-23.287865965440442,16.228809418882157,-0.02727272727272728,0.9365584481926121,False,5.7538091352249285,-17.020671081312386,20.282767581083718,0.9634962587191324,12,26.220100287492336,24.114053955861735,27.017870036221325,6.5455693372503285,-3.8436177642326017,13.704056691969821,0.37762237762237766,0.22620604493502647,False,2.9550995038499375,-6.970734014846378,12.368708785953771,1.0,4.38563544622923,20.08583896199365,5.282402995105405,3.6260267686357617,6.323734308619573,0.7895256916996048,7.496154189589326e-06,False
p2p_p99_over_median,p2p p99 / own median,core,True,11,1.9784602431253764,3.62194369439044,2.0140052867948337,-1.2480212777995066,-9.84475440651769,2.72190745479561,-0.11818181818181818,0.7292847795197801,False,0.4368293371990587,-4.7686016751459075,3.663683667099117,0.8721235095877323,12,2.1442453137593867,2.6650354337510116,1.8694623242971373,-3.8759625133536124,-7.702126878409855,-0.9556339916587171,-0.7132867132867133,0.009201779777634764,False,-3.9365904777284824,-9.82946720417071,-0.6519719005835853,0.8151694840058428,0.16578507063401027,8.379499725105386,-0.09227666870377235,-1.2963695486785278,0.3208562249198088,-0.10968379446640317,0.6183444606587871,False
p2p_p99_over_median,p2p p99 / own median,inner,True,11,2.0140052867948337,2.0293105996702447,2.0140052867948337,-0.08807829851712352,-2.461057646212983,3.0773637008646366,-0.2545454545454546,0.45003657688882837,False,0.6134747922598897,-2.9670315424647176,3.4283235960808183,1.0,12,2.0828393357033015,2.1703985377898127,1.8694623242971373,-1.4496309003623014,-3.6025365637326336,0.3819863554933119,-0.6013986013986015,0.03858845292201946,False,-1.572054533510765,-6.6631807314487155,0.5142458441983775,0.8593678374285454,0.06883404890846778,3.4177690277076165,0.041647798705823295,-0.3202570440549464,0.34565930169539494,0.023715415019762844,0.9144659262773517,False
p2p_p99_over_median,p2p p99 / own median,rim,True,11,2.28264759195905,3.0408304318234234,2.013273304357658,-1.3735246825758565,-9.92058390871149,6.511836092419608,-0.08181818181818183,0.8109903943000459,False,1.0692041736950577,-8.543919524695466,10.872407713175846,1.0,12,2.0549642093789195,2.606306194205845,2.039096140237027,-3.8149904235306984,-5.844030908741463,-1.9972455549949355,-0.7972027972027973,0.0019003677255282697,False,-3.9052179989381566,-6.357222974386438,-1.2635896811456924,0.5330566647164849,-0.22768338258013054,-9.974530601314786,-0.4629974369505237,-1.336779719719725,0.10790628880463327,-0.2865612648221344,0.18495103236810762,False
pct_windows_over_common,% of seconds over 120 uV,core,False,11,0.0,0.0,0.0,0.0,0.0,0.0,,,True,0.0,0.0,0.0,,12,0.0,0.0,0.0,0.0,0.0,0.0,,,True,0.0,0.0,0.0,,0.0,,0.0,0.0,0.0,,,False
pct_windows_over_common,% of seconds over 120 uV,inner,False,11,0.0,0.0,0.0,0.0,0.0,0.0,,,True,0.0,0.0,0.0,,12,0.0,0.0,0.0,0.0,0.0,0.0,,,True,0.0,0.0,0.0,,0.0,,0.0,0.0,0.0,,,False
pct_windows_over_common,% of seconds over 120 uV,rim,False,11,0.0,0.0,0.0,0.0,0.0,0.0,,,True,0.0,0.0,0.0,,12,0.0,0.0,0.0,0.0,0.0,0.0,,,True,0.0,0.0,0.0,,0.0,,0.0,0.0,0.0,,,False
rail_pct,% of samples railing the delta encoder,core,False,11,0.0,0.012913223140495868,0.0,0.0,-0.0743124124181798,0.525224861013564,0.23792716660637273,0.4811184908452233,False,0.0,0.0,0.5712126092285269,0.7000000000000001,12,0.21142926507371163,0.5035506778566817,0.10330578512396695,-1.7556594064486517,-3.2495319032329837,-0.7747059883129199,-0.7915949092223313,0.002156103961918729,False,-1.5871439436712231,-3.5919710740607553,-0.5320502895531422,0.75,0.21142926507371163,,0.12594636526393957,0.034759427837573714,0.2961265122776851,0.6201645483984785,0.0015952097936373982,False
rail_pct,% of samples railing the delta encoder,inner,False,11,0.0,0.0,0.0,0.0,0.0,0.4823076845976047,0.41064008226409476,0.20965017082130333,False,0.0,0.0,0.5712126092285269,0.7000000000000001,12,0.21142926507371163,0.49063912201420273,0.10330578512396695,-1.74813502726787,-3.3277987786201004,-0.7747059883129199,-0.795097541564023,0.0019934857741352894,False,-1.590188175541448,-3.8540692754419714,-0.6685535047677814,0.7291666666666666,0.21142926507371163,,0.12594636526393957,0.0332410397091165,0.30245186274480684,0.6380004273303396,0.0010549521589612169,False
rail_pct,% of samples railing the delta encoder,rim,False,11,0.03873466752743705,0.05810950413223141,0.03873466752743705,0.30140340101878943,-0.26088434780102626,0.9912076019389954,0.46790960017870326,0.14667428677700398,False,0.3617307634482036,0.0,1.1454820373965673,0.5000322787001661,12,0.36466673427757784,0.9296320206584894,0.3228305785123967,-2.867824092486871,-4.920144960838042,-0.7989168656288577,-0.7972027972027973,0.0019003677255282697,False,-2.637886791564562,-5.2275078443313205,-0.541654512107843,0.5662650602409639,0.3259320667501408,,0.32188459747554615,0.1889195492420176,0.4431254326809527,0.6884276364676026,0.00028164560153225556,False
pops_per_min,electrode pops / min,core,False,11,0.0,0.0,0.0,0.0,0.0,0.0,,,True,0.0,0.0,0.0,,12,0.0,0.0,0.0,0.0,0.0,0.0,,,True,0.0,0.0,0.0,,0.0,,0.0,0.0,0.0,,,False
pops_per_min,electrode pops / min,inner,False,11,0.0,0.0,0.0,0.0,0.0,0.0,,,True,0.0,0.0,0.0,,12,0.0,0.0,0.0,0.0,0.0,0.0,,,True,0.0,0.0,0.0,,0.0,,0.0,0.0,0.0,,,False
pops_per_min,electrode pops / min,rim,False,11,0.0,0.0,0.0,0.0,0.0,0.0,0.0,1.0,False,0.0,0.0,0.0,1.0,12,0.0,0.0,0.0,0.0,0.0,0.0,,,True,0.0,0.0,0.0,,0.0,,0.0,0.0,0.0,-0.1928473039599675,0.37799097909168317,False
wander_uv,"baseline excursion, p10-p90 of 1-s level (uV)",core,True,11,13.642167282103665,13.642167282103665,35.03482542038,128.09774605586213,-48.978060230090996,258.78345991742367,0.6000000000000001,0.05100326070695074,False,163.06892453859464,-27.651647155115114,270.71405078261097,1.0,12,27.395097684860332,27.613451194762057,24.418678951265235,-29.189264295060518,-120.56734812932612,64.35490165047736,-0.32867132867132864,0.2969041156887641,False,-36.970268162770054,-187.25262124002995,64.35490165047736,0.7418959308794284,13.752930402756666,100.81191733221381,12.37024283295836,-5.711454176920429,24.65855366098229,0.33102766798418976,0.12285642475804451,False
wander_uv,"baseline excursion, p10-p90 of 1-s level (uV)",inner,True,11,11.607222318649242,11.607222318649242,37.15134820938238,147.0001406621068,-22.877080878137008,256.7983483407346,0.5545454545454546,0.07665233333978243,False,170.47648216060446,-8.441477204034847,290.2254461522232,1.0,12,23.43908390998834,24.15278100967348,21.588644027713272,-25.603721381797875,-120.34835663852368,60.48197947175904,-0.3426573426573427,0.2755674509567803,False,-46.02967296550097,-239.8617968005868,60.48197947175904,0.8458565422374971,11.831861591339099,101.93534048476809,9.956430118901006,-10.280947148173453,21.384208638945868,0.30830039525691705,0.15236092668791043,False
wander_uv,"baseline excursion, p10-p90 of 1-s level (uV)",rim,True,11,27.859276456418115,28.343974685669444,33.680427265168134,66.49138633909355,-73.28310660085222,188.54416984939007,0.4090909090909091,0.21154501034209602,False,113.97615585821035,-45.72353006792584,290.2635745111722,1.0,12,53.9787837266916,55.70375814437839,61.96931114196849,-16.752237975854023,-238.09411629700512,89.88727900949041,-0.08391608391608392,0.7954145018538978,False,-16.20860035550682,-296.4430095680853,124.91296293620293,0.8090214822135594,26.119507270273488,93.75515301387583,33.57608941836081,13.077237046521978,47.982866698717636,0.5306324110671937,0.009189293482353313,False
wander_rate_uv_per_s,"baseline movement (uV/s, median)",core,True,11,3.189382553100546,2.9643192291261187,9.883247375488736,39.816724013065205,6.806569622106838,72.21423525114123,0.790909090909091,0.003746082953397407,False,49.22560415316585,18.26850314635062,79.11446810681585,0.8955757985574627,12,4.211750984191902,6.233446121215849,4.251617431642032,2.381474231277713,-14.849755749736792,11.25014577863895,0.09090909090909093,0.7787253962454419,False,4.707894399517236,-6.269852146638205,14.610208539183454,0.8847306997278558,1.0223684310913557,32.05537166112181,1.3867557830642672,-0.7745029493540313,3.5719015230943336,0.4407114624505929,0.03530661683884887,False
wander_rate_uv_per_s,"baseline movement (uV/s, median)",inner,True,11,3.006134033203921,2.948347568512556,9.883247375488736,39.90863697837254,2.928155717262917,71.28784279864422,0.8181818181818182,0.0020831448404786917,False,49.38939426682662,19.012732819045752,77.67821745747412,0.8642280900127247,12,4.098739147187228,5.5602722167967045,3.765239715577252,0.7216535330746793,-13.951807215587248,8.375575375242772,0.06293706293706294,0.8459309212287789,False,2.4476088526700672,-12.31417013768039,14.73256266508351,0.9326805400034517,1.092605113983307,36.345854905837804,1.3344434525509656,-0.8086040216112558,3.1806881715471578,0.4229249011857708,0.0443623775730566,False
wander_rate_uv_per_s,"baseline movement (uV/s, median)",rim,True,11,6.5921010971068625,6.5921010971068625,9.146141052246186,22.090028067922642,-12.798025311702752,59.985616548129656,0.5363636363636364,0.08895341813596268,False,31.38347595080327,-12.78315437413112,71.35149744630557,1.0,12,8.026063561438974,7.205696582794115,7.053473472595698,0.45880483733511784,-18.894009249369603,15.751685458353176,0.09090909090909093,0.7787253962454419,False,-2.3805791689079596,-22.646590140927437,16.481700872177132,0.846956338835399,1.4339624643321116,21.7527377570324,2.3860004304566202,0.26619075455573227,4.995774898716026,0.541501976284585,0.007616587228798894,False
gaps_per_min,radio dropouts / min,core,False,11,1.0051040439733019,0.0,0.0,0.0,0.0,9.385146206208947,0.15075567228888181,0.6581584423866585,False,0.0,-11.115115110251212,9.385146206208947,1.0,12,1.005038282127975,0.0,1.0051040439733019,0.0,-5.038957214701934,5.038960093423704,0.0,1.0,False,0.0,-7.235715101714308,0.0017029965373914686,1.0,-6.576184532680607e-05,,0.0,0.0,0.0,0.034023469046444,0.877518680479976,False
gaps_per_min,radio dropouts / min,inner,False,11,1.0051040439733019,0.0,0.0,0.0,0.0,9.385146206208947,0.15075567228888181,0.6581584423866585,False,0.0,-11.115115110251212,9.385146206208947,1.0,12,1.005038282127975,0.0,1.0051040439733019,0.0,-5.038957214701934,5.038960093423704,0.0,1.0,False,0.0,-7.235715101714308,0.0017029965373914686,1.0,-6.576184532680607e-05,,0.0,0.0,0.0,0.034023469046444,0.877518680479976,False
gaps_per_min,radio dropouts / min,rim,False,11,1.0051040439733019,0.0,0.0,0.0,0.0,9.385146206208947,0.15075567228888181,0.6581584423866585,False,0.0,-11.115115110251212,9.385146206208947,1.0,12,1.005038282127975,0.0,1.0051040439733019,0.0,-5.038957214701934,5.038960093423704,0.0,1.0,False,0.0,-7.235715101714308,0.0017029965373914686,1.0,-6.576184532680607e-05,,0.0,0.0,0.0,0.034023469046444,0.877518680479976,False
delta_db,1-4 Hz power (dB),core,False,11,6.060807202944111,8.676165603214045,6.7607738390099,0.22955796971305126,-21.50457331484346,13.582640812705797,0.0,1.0,False,4.984370391969592,-8.952952103803746,17.44724725502077,0.8922497240632061,12,7.1226537039178535,8.877592539258664,6.857561519465171,-1.79257784284498,-12.157059146225725,5.77127032424692,-0.1188811188811189,0.712884219214772,False,1.3989981403333194,-10.030904530012815,8.503598307532855,0.9515109064620487,1.0618465009737426,,1.5654118364389376,0.21044158488985087,3.068154953500717,0.5,0.015117916451873051,False
delta_db,1-4 Hz power (dB),inner,False,11,5.510592368846367,6.824271019661529,6.273694770621791,0.22735863786713692,-14.560718765013732,10.153884983325161,-0.06363636363636364,0.8525390725425217,False,7.80725553026945,-9.085868263788191,12.574932518165628,0.7680470378672901,12,7.045676387642749,6.602559594314398,6.857561519465171,1.6151933931815576,-9.340795768077747,7.849239478324765,0.27272727272727276,0.39109677094189615,False,0.46190612063961484,-10.458691317946364,9.717682061044972,1.0,1.5350840187963826,,2.0619243839700516,1.0481206499717861,3.1916547036699994,0.6867588932806324,0.0002954235478908242,False
delta_db,1-4 Hz power (dB),rim,False,11,7.334212671595317,9.306664698328156,8.330935584173393,8.225134364643589,-10.271607675558476,24.365803741914757,0.18181818181818182,0.5926152128455,False,13.642281749224264,-5.2206811116666225,29.898295746563633,0.8460696214357094,12,9.550709613882452,9.084220897711088,9.158089037838966,-1.6280097604342523,-16.22572046924441,8.146845428175794,-0.08391608391608392,0.7954145018538978,False,-5.655138683714551,-19.316240067091492,8.146845428175794,0.8017196752266882,2.216496942287135,,2.815485586423098,1.260328789528528,4.280171348899945,0.658102766798419,0.0006413306692101035,False
theta_db,4-8 Hz power (dB),core,False,11,2.6027664600592244,2.9044598198111427,3.5357783782427616,5.996123220200357,-5.105350288115815,11.908352593113257,0.36363636363636365,0.27163754099382253,False,6.856458147267593,-0.94165954235173,17.546031464715686,0.6549748936492646,12,3.822616880230288,4.0221211180127225,3.7642839240705457,-2.04600425641883,-4.728394786610139,1.1694635217279734,-0.39860139860139865,0.19933549461780897,False,-2.3663112076472013,-5.379916171979648,1.8099836402688303,0.6765914072242317,1.2198504201710634,,1.3893072029122147,0.6972779948112429,1.9275891059180792,0.7055335968379446,0.00016947814720801564,False
theta_db,4-8 Hz power (dB),inner,False,11,2.430646775873763,2.488348071827135,3.39238810772076,3.172619806041049,-2.3063240489716397,11.551928316100524,0.36363636363636365,0.27163754099382253,False,5.983827842909504,-2.3063240489716397,13.268174040767795,0.6796135870614602,12,3.63254663393659,3.6836070777114314,3.6459049005573907,-0.5876250378028527,-3.4589038524100264,1.5424297514684018,-0.2447552447552448,0.44326193645018325,False,-1.0648210655343897,-4.816636209444395,2.8069742573812237,0.5878920392330967,1.201899858062827,,1.463183714717394,0.9622560656607229,1.956057439482551,0.7341897233201582,6.658979085184161e-05,False
theta_db,4-8 Hz power (dB),rim,False,11,4.401067837702514,4.401067837702514,4.6364513471375215,4.987708675004925,-3.451947285453298,15.44772540888414,0.6272727272727273,0.03884525362035334,False,9.347378269967749,0.057277519008507895,19.597459550925986,0.8508952952178926,12,5.15212131247434,5.09793045253846,5.380578733786614,-1.6721563951884013,-6.059531302694905,2.527134845927134,-0.3216783216783217,0.30790987618065263,False,-2.9414743813642183,-7.120117253592891,2.6719723525491976,0.7251819425360426,0.751053474771826,,1.2397775050910023,0.5989089939305301,2.086267130660035,0.717391304347826,0.00011670655786167376,False
alpha_db,8-13 Hz power (dB),core,False,11,0.7112576912782219,1.048534600718415,0.8754509114363016,2.9746925487811895,-9.303420597855451,11.580795660411507,0.2545454545454546,0.45003657688882837,False,6.345382823738841,-5.494386643781119,20.061479072464795,0.6207574753138292,12,1.723217179634871,1.2916014827656805,2.0008386164696734,-1.5668122025234195,-6.032112084080137,1.651464172519856,-0.15384615384615385,0.6330906812462617,False,-2.9186929449423626,-6.298441830766777,1.154445883948995,1.0,1.011959488356649,,1.0032366438987654,0.4060306192750819,1.6957544096506891,0.6245059288537549,0.0014457723176397256,False
alpha_db,8-13 Hz power (dB),inner,False,11,0.46632778601395136,0.16284257268847602,0.8110628332262404,3.4929679258074744,-3.146263211379057,11.473121022337649,0.5272727272727273,0.09556521835315425,False,3.303130904601619,-3.146263211379057,14.318950680357377,0.8148722488617576,12,1.343352537380242,1.2916014827656805,1.4836263247900967,-1.3533723184498958,-3.668485006381148,0.5517955895482037,-0.3706293706293707,0.23562100351264567,False,-2.5108719921693723,-4.8261000167752925,0.05429723569806837,0.7212409344075309,0.8770247513662905,,0.9919009697844796,0.6042676699773672,1.5955057024017067,0.7302371541501976,7.626551766091892e-05,False
alpha_db,8-13 Hz power (dB),rim,False,11,2.8025854496060836,2.910108886822502,2.7580415200840642,1.8014351539850182,-4.034865893411814,13.333795926666806,0.20909090909090913,0.5372209352113227,False,5.4094317929081,-3.0700859792081077,14.56722545131752,0.7746218370545543,12,3.323934755512173,3.135323163993394,4.107868820977063,-1.0404258674634046,-5.730343147675898,4.177535545105616,-0.1188811188811189,0.712884219214772,False,-2.5054223834511804,-8.921493647679418,4.0209525907273855,0.9361433932971843,0.5213493059060896,,0.8295377948854569,0.24070515482216065,1.7363533048427353,0.6096837944664032,0.002011096915199293,False
beta_db,13-30 Hz power (dB),core,False,11,4.7801939713847545,5.187798353042017,3.92322080311879,-8.438159260738926,-12.46301012391605,-1.1819386228732305,-0.7545454545454545,0.007282041008429154,False,-9.863329977864893,-12.979654230066535,-1.1819386228732305,0.628448222206889,12,5.193400365254226,4.055181085347032,5.088225966846989,-3.9810404452049823,-7.687400896750181,2.47992545297633,-0.3916083916083916,0.20806346369535322,False,-4.714513636879029,-9.683611351927299,-1.4695557103674068,1.0,0.4132063938694719,,-0.04050217514601999,-1.0250724447737392,0.7963186051995599,0.021739130434782608,0.9215714810608446,False
beta_db,13-30 Hz power (dB),inner,False,11,4.7801939713847545,5.187798353042017,4.147081491060293,-6.365414880640064,-11.10525721728177,-1.1819386228732305,-0.7636363636363637,0.006233059747904754,False,-7.538062484320535,-11.442059734837224,-1.1819386228732305,0.628448222206889,12,5.193400365254226,4.055181085347032,5.088225966846989,-4.500457386827179,-7.610016009651343,3.430814833709602,-0.37762237762237766,0.22620604493502647,False,-5.271083515657582,-8.418037912918475,-2.073983788165506,0.9980423111550248,0.4132063938694719,,0.007382831346966473,-1.0043294640278349,0.8765777508038969,0.07806324110671936,0.7233078775886128,False
beta_db,13-30 Hz power (dB),rim,False,11,7.2040946361570395,7.694329622152736,6.610575609939053,-3.5874980170532393,-9.551337673243527,2.06480954207823,-0.44545454545454555,0.16973260492681186,False,-2.8550824299508335,-9.551337673243527,3.9425498764648745,0.8528754114503597,12,8.508412026185601,7.367839623865279,9.016681732185665,2.0701167351448766,-1.8161262398721094,6.460039193452452,0.2657342657342658,0.4038330883147116,False,0.8594527574631768,-3.0195434362009754,4.843854079361928,0.7625201554573964,1.3043173900285616,,1.3891712932981655,0.8928483230881596,1.973893958554064,0.7134387351778656,0.00013242709134158735,False
theta_rel_pct,"theta, % of 1-30 Hz",core,False,11,17.733190704398748,16.710245115596692,20.4328272127114,18.020891712748806,1.144402416296575,30.6849094678375,0.6636363636363638,0.0259841339187655,False,19.223756658951714,-1.2855320303846485,33.63200523746384,0.6539038812951419,12,19.04282756466882,20.44913041702331,20.033724881095743,-3.139428911465057,-13.661552209673902,19.72110062696823,-0.1258741258741259,0.696683109395766,False,4.665518837143039,-10.795769151303713,30.36791100588006,0.9156491469195384,1.3096368602700714,,1.1893457826966205,-0.5831077956719786,3.324883834572188,0.2806324110671937,0.19460991482665602,False
theta_rel_pct,"theta, % of 1-30 Hz",inner,False,11,16.847114528610355,16.710245115596692,19.42788657251888,7.318197887785862,-4.650641251528723,22.493815962395306,0.2545454545454546,0.45003657688882837,False,6.637224278128975,-7.703906977553893,27.681092408091978,0.9936188506127045,12,17.61340511178674,18.97422771186085,17.064715056867517,0.00880704622652737,-8.897948026382474,12.033698433298877,0.0,1.0,False,3.444417904898637,-6.229676164821093,13.418810307372764,0.7412807862426881,0.7662905831763851,,0.26905660746461085,-1.3254645347044736,1.4691628379346968,0.1422924901185771,0.5172025426940691,False
theta_rel_pct,"theta, % of 1-30 Hz",rim,False,11,16.099956357853323,14.509759741999531,18.33612864001721,10.039621255650928,-6.145780793240752,20.577168993672792,0.28181818181818186,0.40114489796047825,False,3.571644745104702,-14.106727930602535,19.45610213761277,0.7054935052108694,12,13.993270280221912,15.939151225757465,13.416595836428991,-8.008864660713598,-17.18551650645559,9.67580996412259,-0.2517482517482518,0.4299187850328841,False,-4.479978108671492,-19.218083432691145,10.909196441290383,0.8888272719483354,-2.1066860776314105,,-2.2762511489893913,-3.6810825297335725,-0.3546845537567457,-0.5573122529644269,0.0057323926014228475,False
alpha_rel_pct,"alpha, % of 1-30 Hz",core,False,11,10.175713446367936,7.273271375449358,9.970817414970933,4.99628751650822,-9.899843058568726,29.546072913802092,0.27272727272727276,0.4171414371425311,False,1.1611884235195586,-14.933390367200863,28.021100900410772,0.697849873836259,12,10.881944574315362,10.102830414724021,11.50281627249125,4.974150459689605,-4.915161617172197,14.858462960860631,0.34965034965034975,0.26523878689278996,False,4.603639506455533,-9.707363245124654,18.45586671525926,1.0,0.7062311279474258,,0.8904274513583162,-0.3483046450106783,2.244855830150873,0.2865612648221344,0.18495103236810762,False
alpha_rel_pct,"alpha, % of 1-30 Hz",inner,False,11,9.970817414970933,9.04084205444693,9.970817414970933,3.6152397383809456,-4.825876062489744,22.228715104435228,0.3090909090909091,0.35502843970150694,False,1.1611884235195586,-7.3737731578913674,18.070674301028426,0.7586860251441043,12,9.813292413911205,9.551612906796937,10.074971921025472,-0.7183759207209465,-8.137702349732397,6.515243798837167,-0.02097902097902098,0.9484022252365222,False,-1.4445251902951888,-10.61857771944897,8.470724797545357,0.9848443565236183,-0.157525001059728,,-0.32183507106355036,-1.281666666156774,0.5911145741056854,-0.14624505928853757,0.5055081139657104,False
alpha_rel_pct,"alpha, % of 1-30 Hz",rim,False,11,11.531717488354392,10.928011041675969,12.153240843081612,2.723301580026497,-9.927108016990106,17.54785619443286,0.3181818181818182,0.34029761418190335,False,1.7323154685888629,-16.18087807419902,17.54785619443286,0.950510995041497,12,10.176248461602292,9.345550726170147,10.774074106786578,4.181781062221379,-5.736917160066294,14.120090658287285,0.2027972027972028,0.5273023541661079,False,0.3827888597787833,-7.382855962552552,16.13036141286458,0.6997969165582213,-1.3554690267521003,,-1.451230263913226,-2.7852177848307162,0.010308695111465177,-0.4911067193675889,0.017328310752167102,False
theta_cv,theta variability (IQR/median over 4-s windows),core,True,11,0.4784253287538302,0.6680862023644469,0.5474607134931284,-0.21313724624608615,-1.5200723115166408,0.7711559459845951,-0.17272727272727276,0.6115423848512369,False,0.18384966824697596,-0.7278205895900337,1.2730099470984864,1.0,12,0.5019979987955675,0.4463786222175439,0.5018171092437207,-0.10696226671785738,-0.869594290669866,0.5548665686198904,-0.16783216783216784,0.6020994277865379,False,-0.29112986679545905,-1.0897895328109146,0.7149101289469052,0.8226413399943203,0.023572670041737298,4.9271367181034895,-0.02639295856326223,-0.11220585156197192,0.062115046893699365,-0.14822134387351776,0.4997097026130401,False
theta_cv,theta variability (IQR/median over 4-s windows),inner,True,11,0.5144422399106634,0.6164866643481197,0.5454039498767194,0.07229554916028377,-0.873810779882819,1.237393822351558,-0.05454545454545456,0.8734465775233149,False,0.4543044748109974,-0.4543024857103441,1.6167637930870573,1.0,12,0.5014047258971182,0.480948648792563,0.5018171092437207,-0.21536859243337866,-0.8755428823004607,0.39816254849379795,-0.17482517482517487,0.5868236643627043,False,-0.29112986679545905,-1.2775275278105758,0.6881201632117815,0.7085846465379375,-0.013037514013545248,-2.53430084120023,-0.03739240097320053,-0.11899949887298705,0.06480450991721304,-0.20355731225296442,0.3515479723283557,False
theta_cv,theta variability (IQR/median over 4-s windows),rim,True,11,0.47624860878997244,0.57074916392104,0.4315951033304224,-0.35722709282706594,-1.0193508051523694,0.5923462032115568,-0.33636363636363636,0.31182431390038634,False,-0.2501523753266322,-0.7931929848341088,0.9433047379475048,1.0,12,0.5039719214182219,0.6463671414634163,0.4613663054571574,-1.0615399630952806,-1.5778962316582164,-0.08546678792856913,-0.6853146853146854,0.013905968814362752,False,-1.0743129104472189,-1.8459436330543852,-0.04117267607917952,0.7881865825975244,0.027723312628249452,5.82118501063707,0.007251894018490994,-0.11787136108591591,0.09934021779616159,0.1314229249011858,0.5500163417360642,False
alpha_cv,alpha variability (IQR/median over 4-s windows),core,True,11,0.48910899476640407,0.48910899476640407,0.40229359990096697,0.2458625198527279,-1.473885239264525,1.7972676041515214,0.24545454545454545,0.4669223669820161,False,0.26667010325554247,-1.473885239264525,2.032337595403276,0.7573491809679491,12,0.44686933022772235,0.5198460070020492,0.4225167204511314,-0.40904306866741963,-0.8491416866573918,0.04771576395826519,-0.6083916083916086,0.03580599705202923,False,-0.36297726675090575,-0.9082491232723575,0.2352997458435434,0.6584868232545474,-0.04223966453868172,-8.6360432931427,-0.015989003305042805,-0.13499764021730698,0.07778023111946772,-0.08102766798418974,0.7132239277979074,False
alpha_cv,alpha variability (IQR/median over 4-s windows),inner,True,11,0.423871171096481,0.48209334213376154,0.47812141171486155,0.7069019292291783,-0.9048667712381399,1.9649289719272858,0.28181818181818186,0.40114489796047825,False,0.8903757561166337,-0.6753678265463992,2.400235274748156,0.7395009467119961,12,0.44349286073334615,0.49691954696996543,0.40308832570792685,-0.3796431101152846,-0.8634628578440023,0.0711310101248791,-0.5524475524475525,0.06251148327961523,False,-0.356237520924704,-0.8968057480151184,0.2890493095904074,0.7470988242863391,0.01962168963686517,4.629163522989137,0.004675802573925095,-0.1197190553423077,0.09497729995922927,0.0691699604743083,0.7538218327580144,False
alpha_cv,alpha variability (IQR/median over 4-s windows),rim,True,11,0.4670132955371967,0.48442832371747035,0.4491706690748427,0.09640003038433882,-1.0302536850281874,1.109611611365427,0.17272727272727276,0.6115423848512369,False,0.3422958188632906,-1.3453882907887202,1.1938947337699617,1.0,12,0.459899564832898,0.49090787068536457,0.3902806524397199,-0.18348900591848472,-0.7314129972054715,0.6104908067438626,-0.1188811188811189,0.712884219214772,False,-0.08851650366460219,-1.044450395137074,0.7296996717160619,0.7720208177451858,-0.007113730704298715,-1.5232394392789017,0.006055700518818162,-0.08851650366460219,0.09545098885654663,0.08201581027667984,0.7098728079837822,False
