site,session,device,channel,hf_20_40_uv_rms,p2p_p99_over_median,pct_windows_over_common,pops_per_min,single_trial_noise_uv,marked_bad
AF3,gng_epocx,epocx,AF3,0.47768875238160174,2.051375954067465,0.0,0.0,5.647946956519785,False
AF3,gng_epocx_2,epocx,AF3,0.7058216592092313,2.7411911404676084,0.14936519790888725,0.09197274349424571,5.681928465740256,False
AF3,gng_flex,flex,Fp1,2.222300578738512,3.822505641799756,0.3770739064856712,0.1039171909884311,7.525221898642235,False
AF3,oddball_flex,flex,Fp1,3.3783223815297307,2.472438638070736,0.2012072434607646,0.07848347044095856,10.079550349645679,False
F7,gng_epocx,epocx,F7,0.612285413819775,2.461219248444473,0.0,0.0,5.485920168199337,False
F7,gng_epocx_2,epocx,F7,0.5992919933653201,2.7092251736299886,0.0,0.09197274349424571,5.731919009379322,False
F7,gng_flex,flex,F7,1.540095990603375,3.127226208618828,0.1508295625942685,0.1039171909884311,7.0585812824439635,False
F7,oddball_flex,flex,F7,2.0593442949060745,3.03960821508791,0.0670690811535882,0.0,9.215980185194322,False
F3,gng_epocx,epocx,F3,0.5632031988865014,1.738716392606252,0.0,0.0,5.925569341259609,False
F3,gng_epocx_2,epocx,F3,0.5636831000704787,2.360941640886529,0.07468259895444362,0.09197274349424571,6.0568038862439675,False
F3,gng_flex,flex,F3,1.752511179094559,4.332241100646802,0.6787330316742082,0.2078343819768622,7.626137161991178,False
F3,oddball_flex,flex,F3,2.31232188760224,2.6156786526196862,0.2682763246143528,0.07848347044095856,9.830271996787104,False
FC5,gng_epocx,epocx,FC5,0.6265350039689572,1.697014221396011,0.0,0.0,5.618825087468265,False
FC5,gng_epocx_2,epocx,FC5,0.6373075432238882,2.0747315810790243,0.0,0.09197274349424571,5.711326509328375,False
FC5,gng_flex,flex,FC5,1.3619698411002956,2.2809556039523637,0.22624434389140274,0.1039171909884311,6.539059422172492,False
FC5,oddball_flex,flex,FC5,2.275091452301656,2.7501118762956644,0.0670690811535882,0.0,8.871467412941001,False
T7,gng_epocx,epocx,T7,0.7480173828295498,1.861886229101024,0.0,0.0,4.383442331169868,False
T7,gng_epocx_2,epocx,T7,0.9538556372230742,3.3140704773464544,0.2987303958177745,0.09197274349424571,5.228132721770681,False
T7,gng_flex,flex,T7,1.5571170019985667,5.274748358890196,0.603318250377074,0.5195859549421554,5.795078489986837,False
T7,oddball_flex,flex,T7,2.0905770742855863,6.132349026206802,1.7437961099932933,0.07848347044095856,7.746292160778274,False
P7,gng_epocx,epocx,P7,0.8599294631392468,1.608444043330842,0.0,0.0,3.8176685849619347,False
P7,gng_epocx_2,epocx,P7,1.0247214114042027,1.9480871183060058,0.07468259895444362,0.09197274349424571,4.25011619008025,False
P7,gng_flex,flex,P7,2.1433002617501917,1.8495274297735727,0.0,0.5195859549421554,5.7692491264955,False
P7,oddball_flex,flex,P7,2.3314865379527263,2.266325005367556,0.0,0.0,7.369316446203601,False
O1,gng_epocx,epocx,O1,1.2454112643155892,1.6172203511503946,0.0,0.0,5.068505940415007,False
O1,gng_epocx_2,epocx,O1,1.6003996680288806,2.510693403103208,0.6721433905899925,0.36789097397698284,6.4494480995325585,False
O1,gng_flex,flex,O1,4.735520449658053,2.001849787438321,0.07541478129713425,0.9352547188958799,,True
O1,oddball_flex,flex,O1,4.649854327747821,2.74853930071793,0.7377598926894702,0.23545041132287567,10.418171092068123,False
O2,gng_epocx,epocx,O2,1.0523746020089284,1.7960821944923862,0.0,0.0,5.349733763013029,False
O2,gng_epocx_2,epocx,O2,1.0994100062903376,1.8143221179314202,0.07468259895444362,0.09197274349424571,6.2679004150897,False
O2,gng_flex,flex,O2,2.548410592825376,2.6730806560321763,0.0,0.6235031459305865,6.397487317952493,False
O2,oddball_flex,flex,O2,2.9383559356825586,6.308092493075361,2.9510395707578807,0.706351233968627,9.485059060429448,False
P8,gng_epocx,epocx,P8,0.897485623063374,1.7573727734854985,0.0,0.0,5.902620080574761,False
P8,gng_epocx_2,epocx,P8,0.8943767129052126,3.568435029581369,0.07468259895444362,0.09197274349424571,6.799348821018623,False
P8,gng_flex,flex,P8,2.5676258964348984,3.010266451614088,0.0,0.7274203369190176,7.5593863396711205,False
P8,oddball_flex,flex,P8,2.6744493038640993,2.1381812729729335,0.0,0.0,10.149094849051364,False
T8,gng_epocx,epocx,T8,1.0165582096885697,1.705041937786202,0.0,0.0,6.7773912111662025,False
T8,gng_epocx_2,epocx,T8,0.8701559515755245,3.353827248651474,0.14936519790888725,0.18394548698849142,8.320799342248806,False
T8,gng_flex,flex,T8,2.2566412593520857,2.7800829239813787,0.1508295625942685,0.8313375279074487,8.233943111754385,False
T8,oddball_flex,flex,T8,2.437064038837944,4.650186137356071,1.0731052984574112,0.0,10.276368984266472,False
FC6,gng_epocx,epocx,FC6,0.6662933148441613,1.8199223439508134,0.07513148009015778,0.0,7.285164567847612,False
FC6,gng_epocx_2,epocx,FC6,0.7719114248662449,3.020434600818912,0.37341299477221807,0.18394548698849142,7.85064162737778,False
FC6,gng_flex,flex,FC6,1.8770188250865725,3.538492592854739,0.0,0.0,8.349867115282755,False
FC6,oddball_flex,flex,FC6,2.0506356441209195,3.972633339307715,0.0670690811535882,0.0,10.67082879722119,False
F4,gng_epocx,epocx,F4,0.6539275481284177,6.321818420355663,2.0285499624342602,1.5681752666474489,,True
F4,gng_epocx_2,epocx,F4,0.7104745245193569,3.2276229424401137,0.0,0.09197274349424571,7.618866850465648,False
F4,gng_flex,flex,F4,2.083580267176236,3.3579639223635294,0.0,0.0,8.085830896020195,False
F4,oddball_flex,flex,F4,2.4983772188776214,3.052780115117508,0.1341381623071764,0.0,10.434719072497764,False
F8,gng_epocx,epocx,F8,0.5955808194471576,2.4731750928168887,0.0,0.0,6.820178830878166,False
F8,gng_epocx_2,epocx,F8,0.6479985633956257,2.564254016304511,0.07468259895444362,0.09197274349424571,7.251748418097556,False
F8,gng_flex,flex,F8,1.6089108144644024,2.2765263332370607,0.0,0.0,7.869648822938025,False
F8,oddball_flex,flex,F8,1.592325908732174,2.3977731357351715,0.0,0.0,9.941891713087957,False
AF4,gng_epocx,epocx,AF4,0.9787893925550866,3.720880500970948,0.2253944402704733,0.09224560392043818,6.822196949101453,False
AF4,gng_epocx_2,epocx,AF4,0.6742996552166106,2.2673821034581447,0.07468259895444362,0.09197274349424571,7.157237234953254,False
AF4,gng_flex,flex,Fp2,1.5016924388774888,3.1760794900526768,0.1508295625942685,0.0,7.273100457196987,False
AF4,oddball_flex,flex,Fp2,1.4553355712261264,2.2966521913357116,0.0,0.0,9.159094686930652,False
