session,device,channel,region,quarter,start_min,p2p_median_uv,pct_windows_over_common,pops_per_min
gng_epocx,epocx,AF3,prefrontal,1,4.632646501674754,8.866450980474548,0.0,0.0
gng_epocx,epocx,F7,frontal,1,4.632646501674754,14.395608845603842,0.0,0.0
gng_epocx,epocx,F3,frontal,1,4.632646501674754,15.210846531183801,0.0,0.0
gng_epocx,epocx,FC5,fronto-central,1,4.632646501674754,12.934317911382516,0.0,0.0
gng_epocx,epocx,T7,central,1,4.632646501674754,19.5095864774569,0.0,0.0
gng_epocx,epocx,P7,parietal,1,4.632646501674754,23.82505309911317,0.0,0.0
gng_epocx,epocx,O1,occipital,1,4.632646501674754,26.889204858351206,0.0,0.0
gng_epocx,epocx,O2,occipital,1,4.632646501674754,20.033087333757724,0.0,0.0
gng_epocx,epocx,P8,parietal,1,4.632646501674754,18.79953768159693,0.0,0.0
gng_epocx,epocx,T8,central,1,4.632646501674754,20.87879592746942,0.0,0.0
gng_epocx,epocx,FC6,fronto-central,1,4.632646501674754,16.65671581978016,0.0,0.0
gng_epocx,epocx,F4,frontal,1,4.632646501674754,18.57344729867537,2.608695652173913,1.390790705797814
gng_epocx,epocx,F8,frontal,1,4.632646501674754,13.940462404588077,0.0,0.0
gng_epocx,epocx,AF4,prefrontal,1,4.632646501674754,20.78153489994726,0.0,0.0
gng_epocx,epocx,AF3,prefrontal,2,7.508708286762279,9.619909672946022,0.0,0.0
gng_epocx,epocx,F7,frontal,2,7.508708286762279,15.502970594607536,0.0,0.0
gng_epocx,epocx,F3,frontal,2,7.508708286762279,16.17197102560441,0.0,0.0
gng_epocx,epocx,FC5,fronto-central,2,7.508708286762279,13.822278379556874,0.0,0.0
gng_epocx,epocx,T7,central,2,7.508708286762279,20.21439335641308,0.0,0.0
gng_epocx,epocx,P7,parietal,2,7.508708286762279,24.822728786109558,0.0,0.0
gng_epocx,epocx,O1,occipital,2,7.508708286762279,29.10961325952458,0.0,0.0
gng_epocx,epocx,O2,occipital,2,7.508708286762279,22.497284622911234,0.0,0.0
gng_epocx,epocx,P8,parietal,2,7.508708286762279,20.283248418100456,0.0,0.0
gng_epocx,epocx,T8,central,2,7.508708286762279,22.13476170497453,0.0,0.0
gng_epocx,epocx,FC6,fronto-central,2,7.508708286762279,16.998096504512084,0.0,0.0
gng_epocx,epocx,F4,frontal,2,7.508708286762279,21.87684291706816,2.0289855072463765,1.390790705797814
gng_epocx,epocx,F8,frontal,2,7.508708286762279,15.380595162998922,0.0,0.0
gng_epocx,epocx,AF4,prefrontal,2,7.508708286762279,21.108810437397196,0.0,0.0
gng_epocx,epocx,AF3,prefrontal,3,10.384770071849804,9.834528703620972,0.0,0.0
gng_epocx,epocx,F7,frontal,3,10.384770071849804,15.956502716816978,0.0,0.0
gng_epocx,epocx,F3,frontal,3,10.384770071849804,15.67805415403609,0.0,0.0
gng_epocx,epocx,FC5,fronto-central,3,10.384770071849804,13.795861175514368,0.0,0.0
gng_epocx,epocx,T7,central,3,10.384770071849804,20.428162386475712,0.0,0.0
gng_epocx,epocx,P7,parietal,3,10.384770071849804,25.67119973243082,0.0,0.0
gng_epocx,epocx,O1,occipital,3,10.384770071849804,28.78251897319803,0.0,0.0
gng_epocx,epocx,O2,occipital,3,10.384770071849804,25.376992881509565,0.0,0.0
gng_epocx,epocx,P8,parietal,3,10.384770071849804,21.055110493326858,0.0,0.0
gng_epocx,epocx,T8,central,3,10.384770071849804,20.761530410598787,0.0,0.0
gng_epocx,epocx,FC6,fronto-central,3,10.384770071849804,17.071258679030194,0.0,0.0
gng_epocx,epocx,F4,frontal,3,10.384770071849804,21.504479007875027,2.023121387283237,1.7384883822472674
gng_epocx,epocx,F8,frontal,3,10.384770071849804,15.468358707632643,0.0,0.0
gng_epocx,epocx,AF4,prefrontal,3,10.384770071849804,20.184896147744496,0.8670520231213872,0.3476976764494535
gng_epocx,epocx,AF3,prefrontal,4,13.26083185693733,9.803835858013926,0.0,0.0
gng_epocx,epocx,F7,frontal,4,13.26083185693733,17.28674432447471,0.0,0.0
gng_epocx,epocx,F3,frontal,4,13.26083185693733,16.14433116359426,0.0,0.0
gng_epocx,epocx,FC5,fronto-central,4,13.26083185693733,13.380507123684124,0.0,0.0
gng_epocx,epocx,T7,central,4,13.26083185693733,21.60243289192205,0.0,0.0
gng_epocx,epocx,P7,parietal,4,13.26083185693733,24.32372318448335,0.0,0.0
gng_epocx,epocx,O1,occipital,4,13.26083185693733,28.138566222377797,0.0,0.0
gng_epocx,epocx,O2,occipital,4,13.26083185693733,23.88543816802875,0.0,0.0
gng_epocx,epocx,P8,parietal,4,13.26083185693733,19.698555341169516,0.0,0.0
gng_epocx,epocx,T8,central,4,13.26083185693733,21.015334438858595,0.0,0.0
gng_epocx,epocx,FC6,fronto-central,4,13.26083185693733,16.902235024924714,0.2915451895043732,0.0
gng_epocx,epocx,F4,frontal,4,13.26083185693733,30.06241378717737,1.1661807580174928,1.390790705797814
gng_epocx,epocx,F8,frontal,4,13.26083185693733,15.427872952566865,0.0,0.0
gng_epocx,epocx,AF4,prefrontal,4,13.26083185693733,21.101140368314372,0.0,0.0
gng_flex,flex,C3,central,1,3.9611116307457754,14.426754568355726,1.4534883720930232,0.3484026556868904
gng_flex,flex,T7,central,1,3.9611116307457754,17.788556998384152,1.1627906976744187,0.0
gng_flex,flex,FC1,fronto-central,1,3.9611116307457754,21.2857312845833,0.0,0.0
gng_flex,flex,FC5,fronto-central,1,3.9611116307457754,16.091450687318247,0.872093023255814,0.3484026556868904
gng_flex,flex,FT9,fronto-central,1,3.9611116307457754,26.72740520981143,2.3255813953488373,0.6968053113737808
gng_flex,flex,F3,frontal,1,3.9611116307457754,19.925497207750922,0.0,0.0
gng_flex,flex,F7,frontal,1,3.9611116307457754,20.488452437030688,0.0,0.0
gng_flex,flex,Fp1,prefrontal,1,3.9611116307457754,23.305007391011472,1.4534883720930232,0.0
gng_flex,flex,Pz,parietal,1,3.9611116307457754,18.24929716221655,0.29069767441860467,0.0
gng_flex,flex,Cz,central,1,3.9611116307457754,18.458619442354934,0.0,0.0
gng_flex,flex,O1,occipital,1,3.9611116307457754,36.40974414192184,0.0,0.0
gng_flex,flex,PO9,occipital,1,3.9611116307457754,38.3038225475161,5.813953488372093,1.0452079670606713
gng_flex,flex,P3,parietal,1,3.9611116307457754,19.333292989300404,0.0,0.0
gng_flex,flex,P7,parietal,1,3.9611116307457754,25.2749038394983,0.0,0.0
gng_flex,flex,CP1,centro-parietal,1,3.9611116307457754,16.229143633496545,0.0,0.0
gng_flex,flex,CP5,centro-parietal,1,3.9611116307457754,15.36591176088583,0.0,0.0
gng_flex,flex,C4,central,1,3.9611116307457754,16.062041322582616,0.0,0.0
gng_flex,flex,T8,central,1,3.9611116307457754,27.023651811514625,0.0,0.0
gng_flex,flex,FC2,fronto-central,1,3.9611116307457754,15.49724576778592,0.0,0.0
gng_flex,flex,FC6,fronto-central,1,3.9611116307457754,20.799974807804546,0.0,0.0
gng_flex,flex,FT10,fronto-central,1,3.9611116307457754,27.907991505431784,0.872093023255814,0.3484026556868904
gng_flex,flex,F4,frontal,1,3.9611116307457754,21.333850540394685,0.0,0.0
gng_flex,flex,F8,frontal,1,3.9611116307457754,21.23031954121709,0.0,0.0
gng_flex,flex,Fp2,prefrontal,1,3.9611116307457754,17.92365877556792,0.5813953488372093,0.0
gng_flex,flex,Oz,occipital,1,3.9611116307457754,39.837204011617764,0.0,0.0
gng_flex,flex,Fz,frontal,1,3.9611116307457754,17.927384930786225,0.0,0.0
gng_flex,flex,O2,occipital,1,3.9611116307457754,24.961105326607186,0.0,0.0
gng_flex,flex,PO10,occipital,1,3.9611116307457754,26.031974763263644,3.1976744186046515,0.6968053113737808
gng_flex,flex,P4,parietal,1,3.9611116307457754,17.249800708361015,0.0,0.0
gng_flex,flex,P8,parietal,1,3.9611116307457754,24.05170250081538,0.0,0.0
gng_flex,flex,CP2,centro-parietal,1,3.9611116307457754,32.00518952656929,0.0,0.0
gng_flex,flex,CP6,centro-parietal,1,3.9611116307457754,20.274850895956867,0.0,0.0
gng_flex,flex,C3,central,2,6.831353816553626,13.60089471787532,1.1594202898550725,0.0
gng_flex,flex,T7,central,2,6.831353816553626,18.343252846710577,4.3478260869565215,0.6968053113737808
gng_flex,flex,FC1,fronto-central,2,6.831353816553626,38.18432338532945,0.2898550724637681,0.0
gng_flex,flex,FC5,fronto-central,2,6.831353816553626,15.92732355349225,1.1594202898550725,0.0
gng_flex,flex,FT9,fronto-central,2,6.831353816553626,26.591273926312386,3.4782608695652173,0.0
gng_flex,flex,F3,frontal,2,6.831353816553626,19.451590841167135,2.318840579710145,0.3484026556868904
gng_flex,flex,F7,frontal,2,6.831353816553626,18.789740583801517,2.898550724637681,0.3484026556868904
gng_flex,flex,Fp1,prefrontal,2,6.831353816553626,21.557981631877155,3.768115942028986,0.0
gng_flex,flex,Pz,parietal,2,6.831353816553626,19.6591360126138,4.63768115942029,0.0
gng_flex,flex,Cz,central,2,6.831353816553626,17.679631704332486,1.1594202898550725,0.0
gng_flex,flex,O1,occipital,2,6.831353816553626,36.141776788671166,6.086956521739131,2.0904159341213426
gng_flex,flex,PO9,occipital,2,6.831353816553626,39.35535681152105,9.855072463768117,2.787221245495123
gng_flex,flex,P3,parietal,2,6.831353816553626,18.961873093769245,3.4782608695652173,0.3484026556868904
gng_flex,flex,P7,parietal,2,6.831353816553626,25.809014269677213,4.9275362318840585,1.3936106227475615
gng_flex,flex,CP1,centro-parietal,2,6.831353816553626,17.53804814622079,1.7391304347826086,0.3484026556868904
gng_flex,flex,CP5,centro-parietal,2,6.831353816553626,16.019898584729347,4.9275362318840585,1.0452079670606713
gng_flex,flex,C4,central,2,6.831353816553626,16.27835917524404,0.0,0.0
gng_flex,flex,T8,central,2,6.831353816553626,26.94941393533541,6.086956521739131,1.742013278434452
gng_flex,flex,FC2,fronto-central,2,6.831353816553626,15.338295006159989,0.0,0.0
gng_flex,flex,FC6,fronto-central,2,6.831353816553626,21.470493529538416,0.2898550724637681,0.0
gng_flex,flex,FT10,fronto-central,2,6.831353816553626,27.522250094995876,4.3478260869565215,1.0452079670606713
gng_flex,flex,F4,frontal,2,6.831353816553626,20.705762003619483,0.5797101449275363,0.0
gng_flex,flex,F8,frontal,2,6.831353816553626,20.50479981955446,1.4492753623188406,0.0
gng_flex,flex,Fp2,prefrontal,2,6.831353816553626,15.843450772500592,2.608695652173913,0.0
gng_flex,flex,Oz,occipital,2,6.831353816553626,42.06183345666787,8.405797101449275,2.438818589808233
gng_flex,flex,Fz,frontal,2,6.831353816553626,17.377773002233113,2.898550724637681,0.0
gng_flex,flex,O2,occipital,2,6.831353816553626,25.538380937197388,6.086956521739131,1.3936106227475615
gng_flex,flex,PO10,occipital,2,6.831353816553626,25.904134563622197,10.434782608695652,2.438818589808233
gng_flex,flex,P4,parietal,2,6.831353816553626,18.004908172296545,5.217391304347826,1.742013278434452
gng_flex,flex,P8,parietal,2,6.831353816553626,23.316774579734616,5.507246376811594,1.3936106227475615
gng_flex,flex,CP2,centro-parietal,2,6.831353816553626,31.1489861818051,4.63768115942029,1.0452079670606713
gng_flex,flex,CP6,centro-parietal,2,6.831353816553626,20.847474184189604,2.898550724637681,0.0
gng_flex,flex,C3,central,3,9.701596002361475,13.77335872626007,0.872093023255814,0.0
gng_flex,flex,T7,central,3,9.701596002361475,19.935639828690775,3.1976744186046515,1.0452079670606713
gng_flex,flex,FC1,fronto-central,3,9.701596002361475,37.7137607940537,2.616279069767442,0.3484026556868904
gng_flex,flex,FC5,fronto-central,3,9.701596002361475,16.28891101177236,0.5813953488372093,0.0
gng_flex,flex,FT9,fronto-central,3,9.701596002361475,32.221600095566004,6.104651162790697,0.6968053113737808
gng_flex,flex,F3,frontal,3,9.701596002361475,21.479386325231847,0.29069767441860467,0.0
gng_flex,flex,F7,frontal,3,9.701596002361475,22.471894453798733,5.523255813953488,0.0
gng_flex,flex,Fp1,prefrontal,3,9.701596002361475,21.297943386798025,4.3604651162790695,0.3484026556868904
gng_flex,flex,Pz,parietal,3,9.701596002361475,16.375924062288597,4.941860465116279,0.6968053113737808
gng_flex,flex,Cz,central,3,9.701596002361475,17.416079726097564,1.744186046511628,0.0
gng_flex,flex,O1,occipital,3,9.701596002361475,45.195523601137225,5.813953488372093,1.0452079670606713
gng_flex,flex,PO9,occipital,3,9.701596002361475,41.234716496118494,9.011627906976743,0.6968053113737808
gng_flex,flex,P3,parietal,3,9.701596002361475,18.29429538243088,3.77906976744186,0.6968053113737808
gng_flex,flex,P7,parietal,3,9.701596002361475,24.37499559335323,4.651162790697675,0.3484026556868904
gng_flex,flex,CP1,centro-parietal,3,9.701596002361475,16.25616999530383,6.104651162790697,0.6968053113737808
gng_flex,flex,CP5,centro-parietal,3,9.701596002361475,15.85012356876717,2.616279069767442,0.6968053113737808
gng_flex,flex,C4,central,3,9.701596002361475,15.518345965903581,2.0348837209302326,0.0
gng_flex,flex,T8,central,3,9.701596002361475,28.71096057367371,6.686046511627906,1.0452079670606713
gng_flex,flex,FC2,fronto-central,3,9.701596002361475,14.994004932719225,1.744186046511628,0.3484026556868904
gng_flex,flex,FC6,fronto-central,3,9.701596002361475,21.37133049632657,3.1976744186046515,0.0
gng_flex,flex,FT10,fronto-central,3,9.701596002361475,34.00386367488438,12.209302325581394,1.742013278434452
gng_flex,flex,F4,frontal,3,9.701596002361475,19.67247125740286,2.616279069767442,0.0
gng_flex,flex,F8,frontal,3,9.701596002361475,21.70959371382216,5.232558139534884,0.0
gng_flex,flex,Fp2,prefrontal,3,9.701596002361475,16.65197779420189,3.488372093023256,0.0
gng_flex,flex,Oz,occipital,3,9.701596002361475,45.938779954168,9.593023255813954,2.0904159341213426
gng_flex,flex,Fz,frontal,3,9.701596002361475,17.3143575446853,0.872093023255814,0.0
gng_flex,flex,O2,occipital,3,9.701596002361475,28.360789461405226,5.232558139534884,0.6968053113737808
gng_flex,flex,PO10,occipital,3,9.701596002361475,26.97724871307338,10.174418604651162,0.6968053113737808
gng_flex,flex,P4,parietal,3,9.701596002361475,15.581818316774381,6.104651162790697,1.0452079670606713
gng_flex,flex,P8,parietal,3,9.701596002361475,24.302184324726664,4.3604651162790695,1.0452079670606713
gng_flex,flex,CP2,centro-parietal,3,9.701596002361475,25.05484786170461,4.3604651162790695,0.3484026556868904
gng_flex,flex,CP6,centro-parietal,3,9.701596002361475,21.978215619295,4.941860465116279,0.3484026556868904
gng_flex,flex,C3,central,4,12.571838188169325,13.66402505261394,0.0,0.0
gng_flex,flex,T7,central,4,12.571838188169325,19.44474881546936,0.0,0.0
gng_flex,flex,FC1,fronto-central,4,12.571838188169325,32.8605196785483,0.0,0.0
gng_flex,flex,FC5,fronto-central,4,12.571838188169325,16.562682576520103,0.0,0.0
gng_flex,flex,FT9,fronto-central,4,12.571838188169325,32.02458748670999,0.0,0.0
gng_flex,flex,F3,frontal,4,12.571838188169325,18.9777772570444,1.461988304093567,0.3484026556868904
gng_flex,flex,F7,frontal,4,12.571838188169325,22.67412607838456,0.0,0.0
gng_flex,flex,Fp1,prefrontal,4,12.571838188169325,21.48826491558535,0.0,0.0
gng_flex,flex,Pz,parietal,4,12.571838188169325,17.82442624736153,0.0,0.0
gng_flex,flex,Cz,central,4,12.571838188169325,17.223473674051903,0.0,0.0
gng_flex,flex,O1,occipital,4,12.571838188169325,45.869871438821505,0.0,0.0
gng_flex,flex,PO9,occipital,4,12.571838188169325,39.986344369699005,3.216374269005848,0.6968053113737808
gng_flex,flex,P3,parietal,4,12.571838188169325,19.50886689636352,0.29239766081871343,0.3484026556868904
gng_flex,flex,P7,parietal,4,12.571838188169325,24.08834171660672,0.0,0.0
gng_flex,flex,CP1,centro-parietal,4,12.571838188169325,16.980183315544846,0.0,0.0
gng_flex,flex,CP5,centro-parietal,4,12.571838188169325,15.52609141946516,0.0,0.0
gng_flex,flex,C4,central,4,12.571838188169325,16.500832129411947,0.0,0.0
gng_flex,flex,T8,central,4,12.571838188169325,26.700842502042974,0.0,0.0
gng_flex,flex,FC2,fronto-central,4,12.571838188169325,15.359118823186172,0.0,0.0
gng_flex,flex,FC6,fronto-central,4,12.571838188169325,20.851452915755203,0.0,0.0
gng_flex,flex,FT10,fronto-central,4,12.571838188169325,30.195403946875885,1.1695906432748537,0.3484026556868904
gng_flex,flex,F4,frontal,4,12.571838188169325,19.44585615579973,0.0,0.0
gng_flex,flex,F8,frontal,4,12.571838188169325,21.634442964525128,0.0,0.0
gng_flex,flex,Fp2,prefrontal,4,12.571838188169325,16.611732937720376,0.0,0.0
gng_flex,flex,Oz,occipital,4,12.571838188169325,49.3772173878865,0.8771929824561403,0.3484026556868904
gng_flex,flex,Fz,frontal,4,12.571838188169325,17.410671186987,0.0,0.0
gng_flex,flex,O2,occipital,4,12.571838188169325,27.220815821812863,0.0,0.0
gng_flex,flex,PO10,occipital,4,12.571838188169325,26.19600524288147,2.631578947368421,0.3484026556868904
gng_flex,flex,P4,parietal,4,12.571838188169325,16.930910832719483,0.0,0.0
gng_flex,flex,P8,parietal,4,12.571838188169325,21.67246092737632,0.0,0.0
gng_flex,flex,CP2,centro-parietal,4,12.571838188169325,28.210594027496377,0.0,0.0
gng_flex,flex,CP6,centro-parietal,4,12.571838188169325,20.051735161979444,0.0,0.0
oddball_flex,flex,C3,central,1,4.013213807767897,15.453636963592416,0.0,0.0
oddball_flex,flex,T7,central,1,4.013213807767897,24.727270860001987,4.55531453362256,0.2601623676291758
oddball_flex,flex,FC1,fronto-central,1,4.013213807767897,23.900233277498533,1.735357917570499,0.2601623676291758
oddball_flex,flex,FC5,fronto-central,1,4.013213807767897,23.823896117286203,0.21691973969631237,0.0
oddball_flex,flex,FT9,fronto-central,1,4.013213807767897,33.76865701876129,0.0,0.0
oddball_flex,flex,F3,frontal,1,4.013213807767897,22.89913979204334,0.0,0.0
oddball_flex,flex,F7,frontal,1,4.013213807767897,27.185265167917436,0.21691973969631237,0.0
oddball_flex,flex,Fp1,prefrontal,1,4.013213807767897,29.7206947091411,0.6507592190889371,0.0
oddball_flex,flex,Pz,parietal,1,4.013213807767897,19.235256253194997,0.0,0.0
oddball_flex,flex,Cz,central,1,4.013213807767897,17.862286805531426,0.0,0.0
oddball_flex,flex,O1,occipital,1,4.013213807767897,27.806811860736573,0.43383947939262474,0.2601623676291758
oddball_flex,flex,PO9,occipital,1,4.013213807767897,37.61694491257582,3.036876355748373,0.2601623676291758
oddball_flex,flex,P3,parietal,1,4.013213807767897,17.161786906156955,0.0,0.0
oddball_flex,flex,P7,parietal,1,4.013213807767897,25.394648463309714,0.0,0.0
oddball_flex,flex,CP1,centro-parietal,1,4.013213807767897,25.553553202073253,0.0,0.0
oddball_flex,flex,CP5,centro-parietal,1,4.013213807767897,16.716447373158314,0.0,0.0
oddball_flex,flex,C4,central,1,4.013213807767897,17.687317687960558,0.0,0.0
oddball_flex,flex,T8,central,1,4.013213807767897,25.887476026839156,3.2537960954446854,0.0
oddball_flex,flex,FC2,fronto-central,1,4.013213807767897,18.33061827916646,0.0,0.0
oddball_flex,flex,FC6,fronto-central,1,4.013213807767897,23.30360820514074,0.0,0.0
oddball_flex,flex,FT10,fronto-central,1,4.013213807767897,34.75232589893865,3.2537960954446854,1.040649470516703
oddball_flex,flex,F4,frontal,1,4.013213807767897,26.299177297905015,0.21691973969631237,0.0
oddball_flex,flex,F8,frontal,1,4.013213807767897,21.81517568820764,0.0,0.0
oddball_flex,flex,Fp2,prefrontal,1,4.013213807767897,16.503201018711096,0.0,0.0
oddball_flex,flex,Oz,occipital,1,4.013213807767897,27.138189545260225,0.0,0.0
oddball_flex,flex,Fz,frontal,1,4.013213807767897,20.73813299139316,0.0,0.0
oddball_flex,flex,O2,occipital,1,4.013213807767897,27.2701971716574,1.0845986984815619,0.0
oddball_flex,flex,PO10,occipital,1,4.013213807767897,26.76560830320451,0.21691973969631237,0.0
oddball_flex,flex,P4,parietal,1,4.013213807767897,17.277052935933817,0.0,0.0
oddball_flex,flex,P8,parietal,1,4.013213807767897,25.340897178066534,0.0,0.0
oddball_flex,flex,CP2,centro-parietal,1,4.013213807767897,39.30550786108993,0.0,0.0
oddball_flex,flex,CP6,centro-parietal,1,4.013213807767897,22.781177689000785,0.0,0.0
oddball_flex,flex,C3,central,2,7.856967264937217,15.682964885910902,0.0,0.0
oddball_flex,flex,T7,central,2,7.856967264937217,26.16917569966302,0.8676789587852495,0.0
oddball_flex,flex,FC1,fronto-central,2,7.856967264937217,25.51750484150009,1.9522776572668112,0.7804871028875273
oddball_flex,flex,FC5,fronto-central,2,7.856967264937217,22.244983058216935,0.0,0.0
oddball_flex,flex,FT9,fronto-central,2,7.856967264937217,32.91349104918155,0.0,0.0
oddball_flex,flex,F3,frontal,2,7.856967264937217,22.384268474073586,0.8676789587852495,0.2601623676291758
oddball_flex,flex,F7,frontal,2,7.856967264937217,26.44942252435808,0.0,0.0
oddball_flex,flex,Fp1,prefrontal,2,7.856967264937217,29.84844625080859,0.0,0.0
oddball_flex,flex,Pz,parietal,2,7.856967264937217,21.548704872387646,0.0,0.0
oddball_flex,flex,Cz,central,2,7.856967264937217,18.644394780215407,2.8199566160520604,1.5609742057750546
oddball_flex,flex,O1,occipital,2,7.856967264937217,58.94980244947945,4.772234273318872,0.2601623676291758
oddball_flex,flex,PO9,occipital,2,7.856967264937217,46.11444216897271,13.015184381778742,1.040649470516703
oddball_flex,flex,P3,parietal,2,7.856967264937217,23.586194978837014,0.0,0.0
oddball_flex,flex,P7,parietal,2,7.856967264937217,29.495624555098303,0.0,0.0
oddball_flex,flex,CP1,centro-parietal,2,7.856967264937217,26.03063444280614,2.8199566160520604,0.2601623676291758
oddball_flex,flex,CP5,centro-parietal,2,7.856967264937217,18.11752760224016,0.0,0.0
oddball_flex,flex,C4,central,2,7.856967264937217,17.575687826864346,0.0,0.0
oddball_flex,flex,T8,central,2,7.856967264937217,30.840820595716306,0.21691973969631237,0.0
oddball_flex,flex,FC2,fronto-central,2,7.856967264937217,17.08512768392075,0.21691973969631237,0.0
oddball_flex,flex,FC6,fronto-central,2,7.856967264937217,25.204453580633555,0.21691973969631237,0.0
oddball_flex,flex,FT10,fronto-central,2,7.856967264937217,44.93238601903061,4.121475054229935,1.3008118381458789
oddball_flex,flex,F4,frontal,2,7.856967264937217,24.02335109642197,0.0,0.0
oddball_flex,flex,F8,frontal,2,7.856967264937217,22.547447748860623,0.0,0.0
oddball_flex,flex,Fp2,prefrontal,2,7.856967264937217,17.188959327289332,0.0,0.0
oddball_flex,flex,Oz,occipital,2,7.856967264937217,37.19193030369977,8.459869848156181,0.5203247352583515
oddball_flex,flex,Fz,frontal,2,7.856967264937217,20.551616628396793,0.43383947939262474,0.2601623676291758
oddball_flex,flex,O2,occipital,2,7.856967264937217,41.99071034268321,15.835140997830802,2.341461308662582
oddball_flex,flex,PO10,occipital,2,7.856967264937217,43.49360366722543,14.75054229934924,2.081298941033406
oddball_flex,flex,P4,parietal,2,7.856967264937217,20.501542529142412,0.43383947939262474,0.0
oddball_flex,flex,P8,parietal,2,7.856967264937217,34.5349468825592,0.0,0.0
oddball_flex,flex,CP2,centro-parietal,2,7.856967264937217,23.70209042139387,0.6507592190889371,0.5203247352583515
oddball_flex,flex,CP6,centro-parietal,2,7.856967264937217,24.957896795914394,0.0,0.0
oddball_flex,flex,C3,central,3,11.700720722106537,15.29292921583534,0.4329004329004329,0.2601623676291758
oddball_flex,flex,T7,central,3,11.700720722106537,25.994951071019777,0.0,0.0
oddball_flex,flex,FC1,fronto-central,3,11.700720722106537,23.25571938395015,0.0,0.0
oddball_flex,flex,FC5,fronto-central,3,11.700720722106537,22.745445689551495,0.0,0.0
oddball_flex,flex,FT9,fronto-central,3,11.700720722106537,34.068299920118776,0.0,0.0
oddball_flex,flex,F3,frontal,3,11.700720722106537,24.059871758489063,0.21645021645021645,0.0
oddball_flex,flex,F7,frontal,3,11.700720722106537,27.349693059135905,0.21645021645021645,0.0
oddball_flex,flex,Fp1,prefrontal,3,11.700720722106537,33.520652738760674,1.5151515151515151,0.2601623676291758
oddball_flex,flex,Pz,parietal,3,11.700720722106537,20.419538545301215,0.21645021645021645,0.0
oddball_flex,flex,Cz,central,3,11.700720722106537,19.794495509107932,0.0,0.0
oddball_flex,flex,O1,occipital,3,11.700720722106537,44.702553230149775,0.4329004329004329,0.2601623676291758
oddball_flex,flex,PO9,occipital,3,11.700720722106537,45.36903524216626,10.606060606060606,1.8211365734042304
oddball_flex,flex,P3,parietal,3,11.700720722106537,19.76046881899415,0.0,0.0
oddball_flex,flex,P7,parietal,3,11.700720722106537,27.244916072239924,0.0,0.0
oddball_flex,flex,CP1,centro-parietal,3,11.700720722106537,26.422971364142377,0.0,0.0
oddball_flex,flex,CP5,centro-parietal,3,11.700720722106537,17.002795886972045,0.0,0.0
oddball_flex,flex,C4,central,3,11.700720722106537,16.954282608154145,0.4329004329004329,0.0
oddball_flex,flex,T8,central,3,11.700720722106537,26.43401550684328,0.0,0.0
oddball_flex,flex,FC2,fronto-central,3,11.700720722106537,16.91458027674593,0.0,0.0
oddball_flex,flex,FC6,fronto-central,3,11.700720722106537,23.127558423751513,0.0,0.0
oddball_flex,flex,FT10,fronto-central,3,11.700720722106537,47.799381982414275,4.978354978354979,1.3008118381458789
oddball_flex,flex,F4,frontal,3,11.700720722106537,25.218862080069684,0.0,0.0
oddball_flex,flex,F8,frontal,3,11.700720722106537,23.19398560632647,0.0,0.0
oddball_flex,flex,Fp2,prefrontal,3,11.700720722106537,17.437788712779472,0.0,0.0
oddball_flex,flex,Oz,occipital,3,11.700720722106537,33.16870298553256,1.0822510822510822,0.0
oddball_flex,flex,Fz,frontal,3,11.700720722106537,21.90990519862057,0.21645021645021645,0.0
oddball_flex,flex,O2,occipital,3,11.700720722106537,33.14577848751813,2.5974025974025974,0.0
oddball_flex,flex,PO10,occipital,3,11.700720722106537,47.61458090312427,17.0995670995671,2.8617860439209335
oddball_flex,flex,P4,parietal,3,11.700720722106537,19.36495842930425,0.0,0.0
oddball_flex,flex,P8,parietal,3,11.700720722106537,26.55954621887777,0.0,0.0
oddball_flex,flex,CP2,centro-parietal,3,11.700720722106537,38.928311538320045,0.0,0.0
oddball_flex,flex,CP6,centro-parietal,3,11.700720722106537,23.200304485043738,0.0,0.0
oddball_flex,flex,C3,central,4,15.544474179275857,15.494286258509069,0.0,0.0
oddball_flex,flex,T7,central,4,15.544474179275857,25.305914571110165,0.4357298474945534,0.0
oddball_flex,flex,FC1,fronto-central,4,15.544474179275857,22.600077343992034,0.0,0.0
oddball_flex,flex,FC5,fronto-central,4,15.544474179275857,24.484564775986854,0.0,0.0
oddball_flex,flex,FT9,fronto-central,4,15.544474179275857,33.520119380579786,0.0,0.0
oddball_flex,flex,F3,frontal,4,15.544474179275857,24.553543112385356,0.0,0.0
oddball_flex,flex,F7,frontal,4,15.544474179275857,26.375968755928767,0.0,0.0
oddball_flex,flex,Fp1,prefrontal,4,15.544474179275857,34.436453763451304,0.0,0.0
oddball_flex,flex,Pz,parietal,4,15.544474179275857,19.51352537595184,0.0,0.0
oddball_flex,flex,Cz,central,4,15.544474179275857,19.28074045212172,0.0,0.0
oddball_flex,flex,O1,occipital,4,15.544474179275857,36.79104142066734,0.0,0.0
oddball_flex,flex,PO9,occipital,4,15.544474179275857,39.830594345675465,9.15032679738562,1.8211365734042304
oddball_flex,flex,P3,parietal,4,15.544474179275857,19.131153926040934,0.0,0.0
oddball_flex,flex,P7,parietal,4,15.544474179275857,26.59181167385469,0.0,0.0
oddball_flex,flex,CP1,centro-parietal,4,15.544474179275857,26.34318546958633,0.2178649237472767,0.0
oddball_flex,flex,CP5,centro-parietal,4,15.544474179275857,16.623721391766384,0.0,0.0
oddball_flex,flex,C4,central,4,15.544474179275857,16.81203649587185,0.0,0.0
oddball_flex,flex,T8,central,4,15.544474179275857,25.96419219474653,0.0,0.0
oddball_flex,flex,FC2,fronto-central,4,15.544474179275857,16.604581776009294,0.0,0.0
oddball_flex,flex,FC6,fronto-central,4,15.544474179275857,24.880192688076313,0.2178649237472767,0.0
oddball_flex,flex,FT10,fronto-central,4,15.544474179275857,45.72202070729904,3.485838779956427,0.7804871028875273
oddball_flex,flex,F4,frontal,4,15.544474179275857,25.569055335597227,0.2178649237472767,0.0
oddball_flex,flex,F8,frontal,4,15.544474179275857,22.45792567564589,0.0,0.0
oddball_flex,flex,Fp2,prefrontal,4,15.544474179275857,17.760953185450944,0.0,0.0
oddball_flex,flex,Oz,occipital,4,15.544474179275857,32.2003378909193,1.9607843137254901,0.0
oddball_flex,flex,Fz,frontal,4,15.544474179275857,21.5593429364229,0.0,0.0
oddball_flex,flex,O2,occipital,4,15.544474179275857,31.80364494741213,1.5250544662309369,0.0
oddball_flex,flex,PO10,occipital,4,15.544474179275857,41.59069833099413,10.457516339869281,2.8617860439209335
oddball_flex,flex,P4,parietal,4,15.544474179275857,19.259893171711965,1.5250544662309369,0.0
oddball_flex,flex,P8,parietal,4,15.544474179275857,27.44913350211478,0.0,0.0
oddball_flex,flex,CP2,centro-parietal,4,15.544474179275857,41.08582434369788,0.0,0.0
oddball_flex,flex,CP6,centro-parietal,4,15.544474179275857,22.808820840735237,0.0,0.0
gng_epocx_2,epocx,AF3,prefrontal,1,1.2165621506040527,13.0877428694583,0.0,0.0
gng_epocx_2,epocx,F7,frontal,1,1.2165621506040527,14.344472627608827,0.0,0.0
gng_epocx_2,epocx,F3,frontal,1,1.2165621506040527,14.857742768021922,0.0,0.0
gng_epocx_2,epocx,FC5,fronto-central,1,1.2165621506040527,12.972999673676366,0.0,0.0
gng_epocx_2,epocx,T7,central,1,1.2165621506040527,27.811966247389602,0.0,0.0
gng_epocx_2,epocx,P7,parietal,1,1.2165621506040527,26.03383903488762,0.0,0.0
gng_epocx_2,epocx,O1,occipital,1,1.2165621506040527,31.37625655278108,0.0,0.0
gng_epocx_2,epocx,O2,occipital,1,1.2165621506040527,22.221109172996456,0.0,0.0
gng_epocx_2,epocx,P8,parietal,1,1.2165621506040527,19.01971933767645,0.0,0.0
gng_epocx_2,epocx,T8,central,1,1.2165621506040527,28.091277185558475,0.0,0.35794648701397214
gng_epocx_2,epocx,FC6,fronto-central,1,1.2165621506040527,17.70574087720029,0.0,0.0
gng_epocx_2,epocx,F4,frontal,1,1.2165621506040527,18.724102349706598,0.0,0.0
gng_epocx_2,epocx,F8,frontal,1,1.2165621506040527,17.27006226575385,0.0,0.0
gng_epocx_2,epocx,AF4,prefrontal,1,1.2165621506040527,16.972334485110725,0.0,0.0
gng_epocx_2,epocx,AF3,prefrontal,2,4.010275837647351,12.479473197716157,0.0,0.0
gng_epocx_2,epocx,F7,frontal,2,4.010275837647351,15.428742214834354,0.0,0.0
gng_epocx_2,epocx,F3,frontal,2,4.010275837647351,15.393185451386632,0.0,0.0
gng_epocx_2,epocx,FC5,fronto-central,2,4.010275837647351,13.42144208681629,0.0,0.0
gng_epocx_2,epocx,T7,central,2,4.010275837647351,27.35312115423894,0.5970149253731344,0.0
gng_epocx_2,epocx,P7,parietal,2,4.010275837647351,26.8914832838341,0.0,0.0
gng_epocx_2,epocx,O1,occipital,2,4.010275837647351,31.41505273991255,0.5970149253731344,0.35794648701397214
gng_epocx_2,epocx,O2,occipital,2,4.010275837647351,20.497135607954462,0.0,0.0
gng_epocx_2,epocx,P8,parietal,2,4.010275837647351,19.896319659341046,0.0,0.0
gng_epocx_2,epocx,T8,central,2,4.010275837647351,27.0454949426367,0.0,0.0
gng_epocx_2,epocx,FC6,fronto-central,2,4.010275837647351,18.31376428626192,0.0,0.0
gng_epocx_2,epocx,F4,frontal,2,4.010275837647351,18.261756138511863,0.0,0.0
gng_epocx_2,epocx,F8,frontal,2,4.010275837647351,18.18022934217346,0.0,0.0
gng_epocx_2,epocx,AF4,prefrontal,2,4.010275837647351,16.152725862027857,0.0,0.0
gng_epocx_2,epocx,AF3,prefrontal,3,6.803989524690648,12.914526537010794,0.2976190476190476,0.0
gng_epocx_2,epocx,F7,frontal,3,6.803989524690648,14.603975861412897,0.0,0.0
gng_epocx_2,epocx,F3,frontal,3,6.803989524690648,14.611740638688314,0.0,0.0
gng_epocx_2,epocx,FC5,fronto-central,3,6.803989524690648,13.357485622470264,0.0,0.0
gng_epocx_2,epocx,T7,central,3,6.803989524690648,28.261497954652157,0.2976190476190476,0.0
gng_epocx_2,epocx,P7,parietal,3,6.803989524690648,29.53092192306914,0.0,0.0
gng_epocx_2,epocx,O1,occipital,3,6.803989524690648,33.43419256130436,0.8928571428571428,0.35794648701397214
gng_epocx_2,epocx,O2,occipital,3,6.803989524690648,25.376659704603796,0.0,0.0
gng_epocx_2,epocx,P8,parietal,3,6.803989524690648,20.066615144936964,0.0,0.0
gng_epocx_2,epocx,T8,central,3,6.803989524690648,27.768297314963625,0.2976190476190476,0.0
gng_epocx_2,epocx,FC6,fronto-central,3,6.803989524690648,19.356082980813134,0.8928571428571428,0.35794648701397214
gng_epocx_2,epocx,F4,frontal,3,6.803989524690648,18.846379478139824,0.0,0.0
gng_epocx_2,epocx,F8,frontal,3,6.803989524690648,18.993595772328995,0.0,0.0
gng_epocx_2,epocx,AF4,prefrontal,3,6.803989524690648,15.275856943610393,0.0,0.0
gng_epocx_2,epocx,AF3,prefrontal,4,9.597703211733945,14.206910393328043,0.3003003003003003,0.0
gng_epocx_2,epocx,F7,frontal,4,9.597703211733945,18.03972707422553,0.0,0.0
gng_epocx_2,epocx,F3,frontal,4,9.597703211733945,15.584471541387646,0.3003003003003003,0.35794648701397214
gng_epocx_2,epocx,FC5,fronto-central,4,9.597703211733945,14.806616341742613,0.0,0.35794648701397214
gng_epocx_2,epocx,T7,central,4,9.597703211733945,32.908754567309806,0.3003003003003003,0.35794648701397214
gng_epocx_2,epocx,P7,parietal,4,9.597703211733945,32.73880226715845,0.3003003003003003,0.0
gng_epocx_2,epocx,O1,occipital,4,9.597703211733945,36.008592633563325,1.2012012012012012,0.7158929740279443
gng_epocx_2,epocx,O2,occipital,4,9.597703211733945,28.48999473502778,0.3003003003003003,0.35794648701397214
gng_epocx_2,epocx,P8,parietal,4,9.597703211733945,23.768546273802816,0.3003003003003003,0.35794648701397214
gng_epocx_2,epocx,T8,central,4,9.597703211733945,29.256867121302264,0.3003003003003003,0.0
gng_epocx_2,epocx,FC6,fronto-central,4,9.597703211733945,19.96297062072777,0.6006006006006006,0.35794648701397214
gng_epocx_2,epocx,F4,frontal,4,9.597703211733945,19.544504301109274,0.0,0.35794648701397214
gng_epocx_2,epocx,F8,frontal,4,9.597703211733945,21.15415074242241,0.3003003003003003,0.35794648701397214
gng_epocx_2,epocx,AF4,prefrontal,4,9.597703211733945,16.033536290056226,0.3003003003003003,0.0
