session,device,channel,region,state,pair,duration_s,hf_20_40_uv_rms,p2p_median_uv,p2p_p99_over_median,pct_windows_over_common,rail_pct,marked_bad
gng_epocx,epocx,AF3,prefrontal,closed,1,27.0702,0.4619509494504909,9.24180258576937,2.2489714057303605,0.0,,False
gng_epocx,epocx,F7,frontal,closed,1,27.0702,0.5984679666825485,15.108172810351737,3.3388985298125324,0.0,,False
gng_epocx,epocx,F3,frontal,closed,1,27.0702,0.5047769690447605,12.48028304325221,1.7785200979183482,0.0,,False
gng_epocx,epocx,FC5,fronto-central,closed,1,27.0702,0.5723622890832736,13.093813562941612,2.085860176648938,0.0,,False
gng_epocx,epocx,T7,central,closed,1,27.0702,0.6992767480801793,19.391660216209026,1.429283802048641,0.0,,False
gng_epocx,epocx,P7,parietal,closed,1,27.0702,0.788861229896622,21.388333167433117,1.3092107570289597,0.0,,False
gng_epocx,epocx,O1,occipital,closed,1,27.0702,1.2668887373711417,24.903328996686085,1.5026949645451375,0.0,,False
gng_epocx,epocx,O2,occipital,closed,1,27.0702,1.1417923920950819,20.7581793386909,1.9632771961629867,0.0,,False
gng_epocx,epocx,P8,parietal,closed,1,27.0702,0.8458919336605362,16.342693975999566,1.7555446333088622,0.0,,False
gng_epocx,epocx,T8,central,closed,1,27.0702,0.8949858599261379,19.191434629745785,2.2118214870889403,0.0,,False
gng_epocx,epocx,FC6,fronto-central,closed,1,27.0702,0.6634783057312565,16.001155387315798,2.9255965061149194,0.0,,False
gng_epocx,epocx,F4,frontal,closed,1,27.0702,0.5793407375903697,14.913177739801048,3.192104187798261,0.0,,True
gng_epocx,epocx,F8,frontal,closed,1,27.0702,0.5855986669956539,14.126966549796634,3.041502609673716,0.0,,False
gng_epocx,epocx,AF4,prefrontal,closed,1,27.0702,0.6522882985365654,19.185571315195762,1.9784676034062094,0.0,,False
gng_epocx,epocx,AF3,prefrontal,open,1,16.408499999999997,0.4699076294134918,9.441856876310986,1.3340070822916037,0.0,,False
gng_epocx,epocx,F7,frontal,open,1,16.408499999999997,0.603654473406181,14.157867766381235,1.2192279521061091,0.0,,False
gng_epocx,epocx,F3,frontal,open,1,16.408499999999997,0.5370717977453461,14.012272470125922,1.4542445439826672,0.0,,False
gng_epocx,epocx,FC5,fronto-central,open,1,16.408499999999997,0.6403970379193787,12.920897606847497,1.49345859584016,0.0,,False
gng_epocx,epocx,T7,central,open,1,16.408499999999997,0.7062923076622215,21.405868264241864,1.4349326456138156,0.0,,False
gng_epocx,epocx,P7,parietal,open,1,16.408499999999997,0.8245440421713597,23.73878474482241,1.4579187201916544,0.0,,False
gng_epocx,epocx,O1,occipital,open,1,16.408499999999997,1.289950536991959,26.77750177430947,1.4139048233144809,0.0,,False
gng_epocx,epocx,O2,occipital,open,1,16.408499999999997,1.1187117620119884,20.210230313800697,1.4383726510187247,0.0,,False
gng_epocx,epocx,P8,parietal,open,1,16.408499999999997,0.8308075854711565,18.823284208505612,1.1842978800542063,0.0,,False
gng_epocx,epocx,T8,central,open,1,16.408499999999997,1.126274054269818,20.050036727257073,1.4161123598034162,0.0,,False
gng_epocx,epocx,FC6,fronto-central,open,1,16.408499999999997,0.6850012907193791,16.77375746393257,1.4723009529534625,0.0,,False
gng_epocx,epocx,F4,frontal,open,1,16.408499999999997,0.5869166066949439,17.45556897354952,4.889922257543058,0.0,,True
gng_epocx,epocx,F8,frontal,open,1,16.408499999999997,0.553470482882984,13.28262054492073,1.3334892073015658,0.0,,False
gng_epocx,epocx,AF4,prefrontal,open,1,16.408499999999997,0.8258668123833107,23.43429461735426,1.3524365091795332,0.0,,False
gng_flex,flex,C3,central,closed,1,41.510999999999996,0.9583348288927477,12.060945314334377,2.3235910761379555,0.0,0.42253521126760557,False
gng_flex,flex,T7,central,closed,1,41.510999999999996,1.196279449984696,15.899579491501498,1.583682774205249,0.0,0.34121395036887997,False
gng_flex,flex,FC1,fronto-central,closed,1,41.510999999999996,1.1360137501541663,13.94723978646927,1.6070388517783196,0.0,0.39570757880617036,False
gng_flex,flex,FC5,fronto-central,closed,1,41.510999999999996,1.1422565103338624,14.294421285758924,1.411547635731052,0.0,0.39403085177733066,False
gng_flex,flex,FT9,fronto-central,closed,1,41.510999999999996,1.787023079133639,24.140529725936332,1.654030727779504,0.0,0.34624413145539906,False
gng_flex,flex,F3,frontal,closed,1,41.510999999999996,1.0674403002668367,17.062149175106907,3.275047994206124,0.0,0.4736753856472166,False
gng_flex,flex,F7,frontal,closed,1,41.510999999999996,1.3448999059906173,17.96286555349443,1.875536826733048,0.0,0.482897384305835,False
gng_flex,flex,Fp1,prefrontal,closed,1,41.510999999999996,1.3982764203890528,18.73858268477942,2.515011183415227,0.0,1.5425888665325285,False
gng_flex,flex,Pz,parietal,closed,1,41.510999999999996,1.2829136098279328,13.760130255606315,2.2493789539821067,0.0,0.613682092555332,False
gng_flex,flex,Cz,central,closed,1,41.510999999999996,0.9537367447239561,12.21180683007022,2.814745122634759,0.0,0.4535546613011402,False
gng_flex,flex,O1,occipital,closed,1,41.510999999999996,4.408091238227115,35.26672201761154,2.882175792967242,0.0,2.0129107981220655,True
gng_flex,flex,PO9,occipital,closed,1,41.510999999999996,2.347972824900818,34.49264749230743,1.7787845030075917,0.0,1.0848423876592892,True
gng_flex,flex,P3,parietal,closed,1,41.510999999999996,1.7227150139373484,18.243397318945053,1.5000259867975043,0.0,0.4753521126760563,False
gng_flex,flex,P7,parietal,closed,1,41.510999999999996,1.9253131738812557,22.348251604563398,1.3147286099446034,0.0,0.4954728370221328,False
gng_flex,flex,CP1,centro-parietal,closed,1,41.510999999999996,1.0891687548516673,13.444129531947949,4.083961530621095,0.0,0.534037558685446,False
gng_flex,flex,CP5,centro-parietal,closed,1,41.510999999999996,1.2004381559751587,14.486163764531012,1.6044589100572535,0.0,0.41918175720992623,False
gng_flex,flex,C4,central,closed,1,41.510999999999996,1.0993209783232099,14.052753999130141,1.4056379285358107,0.0,0.5549966465459424,False
gng_flex,flex,T8,central,closed,1,41.510999999999996,1.5419369939527603,21.51604202955894,2.2492619438467774,0.0,0.8735747820254862,False
gng_flex,flex,FC2,fronto-central,closed,1,41.510999999999996,1.1386764979891113,13.236492250138728,1.4849221264839239,0.0,0.37139503688799463,False
gng_flex,flex,FC6,fronto-central,closed,1,41.510999999999996,1.2534183338978955,15.341852365345419,1.482441339032156,0.0,0.5918846411804158,False
gng_flex,flex,FT10,fronto-central,closed,1,41.510999999999996,1.7455818628173831,24.28186491488493,1.9991526478279662,0.0,0.6027833668678739,False
gng_flex,flex,F4,frontal,closed,1,41.510999999999996,1.1316531650007544,15.786049230473132,3.5289563411425084,0.0,0.562541918175721,False
gng_flex,flex,F8,frontal,closed,1,41.510999999999996,1.3389694789806177,17.636010887786306,1.4867185879233717,0.0,0.7042253521126761,False
gng_flex,flex,Fp2,prefrontal,closed,1,41.510999999999996,1.0496180814543155,13.828784174979585,2.1356872342030124,0.0,1.4017437961099932,False
gng_flex,flex,Oz,occipital,closed,1,41.510999999999996,3.2701611248204805,40.5485126659248,2.4927386339716033,0.0,1.2692823608316566,False
gng_flex,flex,Fz,frontal,closed,1,41.510999999999996,1.057972881009475,14.319412964421389,2.4405309142296607,0.0,0.4678068410462776,False
gng_flex,flex,O2,occipital,closed,1,41.510999999999996,2.047256969713441,21.223635306018124,1.8004224564862052,0.0,1.063044936284373,False
gng_flex,flex,PO10,occipital,closed,1,41.510999999999996,1.728402653388466,19.03786559690078,1.714428582997553,0.0,0.8601609657947685,True
gng_flex,flex,P4,parietal,closed,1,41.510999999999996,1.2315627514423868,14.801635048096765,5.343746307600466,0.0,0.6212273641851107,False
gng_flex,flex,P8,parietal,closed,1,41.510999999999996,2.323179075384758,20.246537762705927,1.4679413310179756,0.0,0.9347753185781355,False
gng_flex,flex,CP2,centro-parietal,closed,1,41.510999999999996,0.9703417269437314,12.867145924853993,1.3188569743534952,0.0,0.6790744466800805,False
gng_flex,flex,CP6,centro-parietal,closed,1,41.510999999999996,1.8214779956633518,17.41360889361674,1.417317352007921,0.0,0.7109322602280348,False
gng_flex,flex,C3,central,open,1,35.425599999999996,1.1819364300686603,16.130636206230346,7.846073961821106,2.8169014084507045,0.42253521126760557,False
gng_flex,flex,T7,central,open,1,35.425599999999996,1.7380020644348249,21.960167809034225,24.14721073674014,2.8169014084507045,0.34121395036887997,False
gng_flex,flex,FC1,fronto-central,open,1,35.425599999999996,1.438835861974412,19.679671361130758,4.015581560265808,0.0,0.39570757880617036,False
gng_flex,flex,FC5,fronto-central,open,1,35.425599999999996,1.712072490175245,19.39134785226815,1.9274162946566558,0.0,0.39403085177733066,False
gng_flex,flex,FT9,fronto-central,open,1,35.425599999999996,2.2738746663651312,32.04889878044125,3.0807991389159715,0.0,0.34624413145539906,False
gng_flex,flex,F3,frontal,open,1,35.425599999999996,2.697505534493157,26.894513669727218,2.39891432177554,0.0,0.4736753856472166,False
gng_flex,flex,F7,frontal,open,1,35.425599999999996,1.9989760698435621,27.69299324988629,2.177829028487079,0.0,0.482897384305835,False
gng_flex,flex,Fp1,prefrontal,open,1,35.425599999999996,2.834670356852839,31.24626582655371,2.6461618600381684,0.0,1.5425888665325285,False
gng_flex,flex,Pz,parietal,open,1,35.425599999999996,1.369904350536572,16.76246670339703,3.906243036489188,0.0,0.613682092555332,False
gng_flex,flex,Cz,central,open,1,35.425599999999996,1.061904727088308,16.021506560648238,2.3689931807251745,0.0,0.4535546613011402,False
gng_flex,flex,O1,occipital,open,1,35.425599999999996,4.732985728973014,46.45803270990406,3.3062615881990474,2.8169014084507045,2.0129107981220655,True
gng_flex,flex,PO9,occipital,open,1,35.425599999999996,2.7540979407707655,44.23362510383198,7.671430484971126,19.718309859154928,1.0848423876592892,True
gng_flex,flex,P3,parietal,open,1,35.425599999999996,1.8813066255033528,21.123260344340952,1.7488082005060213,0.0,0.4753521126760563,False
gng_flex,flex,P7,parietal,open,1,35.425599999999996,2.4118886358423914,28.08738376993954,1.7877924257066664,0.0,0.4954728370221328,False
gng_flex,flex,CP1,centro-parietal,open,1,35.425599999999996,1.1207845465249626,15.061229367772269,2.4071143824391736,0.0,0.534037558685446,False
gng_flex,flex,CP5,centro-parietal,open,1,35.425599999999996,1.4231441434689551,16.79067534733229,1.8580550829349238,0.0,0.41918175720992623,False
gng_flex,flex,C4,central,open,1,35.425599999999996,1.297885819625601,16.966568695786847,1.5305470061184119,0.0,0.5549966465459424,False
gng_flex,flex,T8,central,open,1,35.425599999999996,3.036216823630074,32.43313505922565,3.7160213677165777,1.4084507042253522,0.8735747820254862,False
gng_flex,flex,FC2,fronto-central,open,1,35.425599999999996,1.5458297199417426,18.122723028005584,2.445766072082231,0.0,0.37139503688799463,False
gng_flex,flex,FC6,fronto-central,open,1,35.425599999999996,2.2213562647942644,21.77783588613041,1.3578791284559102,0.0,0.5918846411804158,False
gng_flex,flex,FT10,fronto-central,open,1,35.425599999999996,2.257368134630182,30.992769028830843,2.6197220276380517,0.0,0.6027833668678739,False
gng_flex,flex,F4,frontal,open,1,35.425599999999996,3.1368448833923708,27.292098548451712,2.370148186903204,0.0,0.562541918175721,False
gng_flex,flex,F8,frontal,open,1,35.425599999999996,1.9285058241600854,24.058006387010458,2.0644914846169855,0.0,0.7042253521126761,False
gng_flex,flex,Fp2,prefrontal,open,1,35.425599999999996,1.8836208930127893,23.4561717600521,5.1977627146278795,1.4084507042253522,1.4017437961099932,False
gng_flex,flex,Oz,occipital,open,1,35.425599999999996,3.602319893951203,49.999263681596915,5.048481048037292,15.492957746478872,1.2692823608316566,False
gng_flex,flex,Fz,frontal,open,1,35.425599999999996,2.0285157158294598,23.080895226483094,2.664247825045255,0.0,0.4678068410462776,False
gng_flex,flex,O2,occipital,open,1,35.425599999999996,2.20898808267501,29.80215911818469,6.720333572329811,9.859154929577464,1.063044936284373,False
gng_flex,flex,PO10,occipital,open,1,35.425599999999996,2.1415653785858195,29.838025739933833,3.0463397947811064,0.0,0.8601609657947685,True
gng_flex,flex,P4,parietal,open,1,35.425599999999996,1.392168907845428,19.574769867984735,6.162953381017891,1.4084507042253522,0.6212273641851107,False
gng_flex,flex,P8,parietal,open,1,35.425599999999996,2.60311044239329,25.086892183258545,2.005186673836561,0.0,0.9347753185781355,False
gng_flex,flex,CP2,centro-parietal,open,1,35.425599999999996,1.0313011130236935,15.018058234020906,2.3082041690559607,0.0,0.6790744466800805,False
gng_flex,flex,CP6,centro-parietal,open,1,35.425599999999996,2.5333378676020324,21.868436389826435,1.6677735868400372,0.0,0.7109322602280348,False
gng_flex,flex,C3,central,closed,2,48.846500000000006,0.9192379316139019,11.960390433029659,2.069631430139038,0.0,0.42253521126760557,False
gng_flex,flex,T7,central,closed,2,48.846500000000006,1.2263202953559658,17.649929512703142,1.6336354431239164,0.0,0.34121395036887997,False
gng_flex,flex,FC1,fronto-central,closed,2,48.846500000000006,1.1501144031769261,12.82872027812977,1.5326975058523074,0.0,0.39570757880617036,False
gng_flex,flex,FC5,fronto-central,closed,2,48.846500000000006,1.2491621946449496,15.667225726183865,1.8093429665816232,0.0,0.39403085177733066,False
gng_flex,flex,FT9,fronto-central,closed,2,48.846500000000006,1.8161725585602533,28.849416008485868,4.322483957655869,3.0927835051546393,0.34624413145539906,False
gng_flex,flex,F3,frontal,closed,2,48.846500000000006,1.133165803349787,16.28276236725928,1.7187655052932531,0.0,0.4736753856472166,False
gng_flex,flex,F7,frontal,closed,2,48.846500000000006,1.3966229107446324,17.74432321192714,2.0541653837129905,0.0,0.482897384305835,False
gng_flex,flex,Fp1,prefrontal,closed,2,48.846500000000006,1.4482321673871263,17.741784563722277,1.8493581930775749,0.0,1.5425888665325285,False
gng_flex,flex,Pz,parietal,closed,2,48.846500000000006,1.2519093524754714,14.842886562215394,2.1017491248223554,0.0,0.613682092555332,False
gng_flex,flex,Cz,central,closed,2,48.846500000000006,0.9024452235705575,11.275740317115353,1.7300183890484166,0.0,0.4535546613011402,False
gng_flex,flex,O1,occipital,closed,2,48.846500000000006,4.172261334331928,33.63675217106148,1.2410199923008982,0.0,2.0129107981220655,True
gng_flex,flex,PO9,occipital,closed,2,48.846500000000006,2.3635409168940162,34.427430053025525,1.6587505124281465,0.0,1.0848423876592892,True
gng_flex,flex,P3,parietal,closed,2,48.846500000000006,1.759103014058534,18.193917461605203,1.4516256453671914,0.0,0.4753521126760563,False
gng_flex,flex,P7,parietal,closed,2,48.846500000000006,2.10130387039246,22.07560687459852,1.5304678466006014,0.0,0.4954728370221328,False
gng_flex,flex,CP1,centro-parietal,closed,2,48.846500000000006,1.0631104594086833,13.03699185239904,1.4226855404918162,0.0,0.534037558685446,False
gng_flex,flex,CP5,centro-parietal,closed,2,48.846500000000006,1.266398366759303,14.473598542846192,1.6614945888318857,0.0,0.41918175720992623,False
gng_flex,flex,C4,central,closed,2,48.846500000000006,1.1267933902814753,14.176308718585716,1.5009326722375151,0.0,0.5549966465459424,False
gng_flex,flex,T8,central,closed,2,48.846500000000006,1.6209162371111958,21.24311768225068,1.381588592464435,0.0,0.8735747820254862,False
gng_flex,flex,FC2,fronto-central,closed,2,48.846500000000006,1.124348468087155,12.564195010762617,1.451552945611856,0.0,0.37139503688799463,False
gng_flex,flex,FC6,fronto-central,closed,2,48.846500000000006,1.30091792749306,15.938052360808182,3.5374994775657926,0.0,0.5918846411804158,False
gng_flex,flex,FT10,fronto-central,closed,2,48.846500000000006,1.7720951630564747,22.687160428680926,1.5726612325397424,0.0,0.6027833668678739,False
gng_flex,flex,F4,frontal,closed,2,48.846500000000006,1.233688544815034,15.203836776656656,1.428663465214049,0.0,0.562541918175721,False
gng_flex,flex,F8,frontal,closed,2,48.846500000000006,1.4233903558619938,18.48646159410228,1.63837622458827,0.0,0.7042253521126761,False
gng_flex,flex,Fp2,prefrontal,closed,2,48.846500000000006,1.1075695579932994,14.631461826179267,1.6243090092452828,0.0,1.4017437961099932,False
gng_flex,flex,Oz,occipital,closed,2,48.846500000000006,3.2113301303730086,55.37461029951399,1.8212197822985485,0.0,1.2692823608316566,False
gng_flex,flex,Fz,frontal,closed,2,48.846500000000006,1.039415934446044,14.24471522415918,1.5789764198208318,0.0,0.4678068410462776,False
gng_flex,flex,O2,occipital,closed,2,48.846500000000006,1.9767339145571687,20.983568346969207,1.449744644037769,0.0,1.063044936284373,False
gng_flex,flex,PO10,occipital,closed,2,48.846500000000006,1.7441571299890835,19.0450147553793,1.4763432129939762,0.0,0.8601609657947685,True
gng_flex,flex,P4,parietal,closed,2,48.846500000000006,1.2037256875658606,14.159704672778066,1.8751491289373088,0.0,0.6212273641851107,False
gng_flex,flex,P8,parietal,closed,2,48.846500000000006,2.3443297271670627,21.67689772454746,2.2370616956915104,0.0,0.9347753185781355,False
gng_flex,flex,CP2,centro-parietal,closed,2,48.846500000000006,1.0000005984881537,12.550647266686404,4.580147419960116,0.0,0.6790744466800805,False
gng_flex,flex,CP6,centro-parietal,closed,2,48.846500000000006,1.795372858544642,18.127202612860433,1.4431589101527353,0.0,0.7109322602280348,False
gng_flex,flex,C3,central,open,2,65.99329999999998,1.1385191036344244,13.77546806307626,2.164349164834326,0.0,0.42253521126760557,False
gng_flex,flex,T7,central,open,2,65.99329999999998,2.615015411441649,23.356525289394988,1.6334354569522407,0.0,0.34121395036887997,False
gng_flex,flex,FC1,fronto-central,open,2,65.99329999999998,1.4191786554548447,16.653770384016575,3.5260598938571395,0.0,0.39570757880617036,False
gng_flex,flex,FC5,fronto-central,open,2,65.99329999999998,1.9816396267018184,18.956419362867223,1.9650404115824138,0.0,0.39403085177733066,False
gng_flex,flex,FT9,fronto-central,open,2,65.99329999999998,2.244400218328526,33.12057508270895,2.2109463582552937,0.0,0.34624413145539906,False
gng_flex,flex,F3,frontal,open,2,65.99329999999998,2.385042235419724,22.443596600036443,2.4190938263202018,0.0,0.4736753856472166,False
gng_flex,flex,F7,frontal,open,2,65.99329999999998,1.760244204047475,22.241577980246568,3.0639095775571064,0.0,0.482897384305835,False
gng_flex,flex,Fp1,prefrontal,open,2,65.99329999999998,2.9621171046897112,24.524184669250303,3.3180815827475456,0.0,1.5425888665325285,False
gng_flex,flex,Pz,parietal,open,2,65.99329999999998,1.3927135058632087,17.062122261127268,2.322566787558136,0.0,0.613682092555332,False
gng_flex,flex,Cz,central,open,2,65.99329999999998,1.0020744724658153,14.932610004464042,1.7278220258515986,0.0,0.4535546613011402,False
gng_flex,flex,O1,occipital,open,2,65.99329999999998,3.7382337293539045,34.162467091103295,2.9757675022702745,0.0,2.0129107981220655,True
gng_flex,flex,PO9,occipital,open,2,65.99329999999998,2.617656095857956,34.55372889243461,2.486809184208724,0.0,1.0848423876592892,True
gng_flex,flex,P3,parietal,open,2,65.99329999999998,1.5692769525144037,18.607164531417983,2.387853227418269,0.0,0.4753521126760563,False
gng_flex,flex,P7,parietal,open,2,65.99329999999998,1.9297284427742403,22.62227385180265,1.7447255790914165,0.0,0.4954728370221328,False
gng_flex,flex,CP1,centro-parietal,open,2,65.99329999999998,1.0756299548067916,14.10015590447651,2.717544940993299,0.0,0.534037558685446,False
gng_flex,flex,CP5,centro-parietal,open,2,65.99329999999998,1.3937776408813778,15.151164426650288,2.648310545628359,0.0,0.41918175720992623,False
gng_flex,flex,C4,central,open,2,65.99329999999998,1.3183454200020208,15.987709650244042,5.87510875088652,0.0,0.5549966465459424,False
gng_flex,flex,T8,central,open,2,65.99329999999998,2.6481004885793955,27.379616843131267,5.475814912197242,1.5151515151515151,0.8735747820254862,False
gng_flex,flex,FC2,fronto-central,open,2,65.99329999999998,1.2870964400158051,14.309889769480368,1.8977140414990117,0.0,0.37139503688799463,False
gng_flex,flex,FC6,fronto-central,open,2,65.99329999999998,2.2290994971626885,21.81457023512853,3.0351674612266635,0.0,0.5918846411804158,False
gng_flex,flex,FT10,fronto-central,open,2,65.99329999999998,1.9790370861405981,27.13568673546564,2.234986840361477,0.0,0.6027833668678739,False
gng_flex,flex,F4,frontal,open,2,65.99329999999998,2.3635743990112252,21.14407807384234,2.8796151077848413,0.0,0.562541918175721,False
gng_flex,flex,F8,frontal,open,2,65.99329999999998,1.693219307918733,20.62927282191952,1.8992623399623552,0.0,0.7042253521126761,False
gng_flex,flex,Fp2,prefrontal,open,2,65.99329999999998,1.7611928619339472,17.443822889150834,2.799504926276197,0.0,1.4017437961099932,False
gng_flex,flex,Oz,occipital,open,2,65.99329999999998,3.1920926150573017,57.8995876671291,3.574338332030096,3.0303030303030303,1.2692823608316566,False
gng_flex,flex,Fz,frontal,open,2,65.99329999999998,1.579520923203623,17.82554373680225,2.5559368889115532,0.0,0.4678068410462776,False
gng_flex,flex,O2,occipital,open,2,65.99329999999998,1.825051628283799,22.165670118218788,4.446378658170453,0.7575757575757576,1.063044936284373,False
gng_flex,flex,PO10,occipital,open,2,65.99329999999998,1.9389071317217323,22.2340737727915,5.687409516401534,1.5151515151515151,0.8601609657947685,True
gng_flex,flex,P4,parietal,open,2,65.99329999999998,1.3564968965483148,15.518171431143566,6.587111063702224,0.7575757575757576,0.6212273641851107,False
gng_flex,flex,P8,parietal,open,2,65.99329999999998,2.4699705665323752,23.99028473785267,2.043842215182689,0.0,0.9347753185781355,False
gng_flex,flex,CP2,centro-parietal,open,2,65.99329999999998,1.109392370076546,14.824278487577963,1.8899954084238002,0.0,0.6790744466800805,False
gng_flex,flex,CP6,centro-parietal,open,2,65.99329999999998,2.449467195237467,21.562049895248236,1.5888760942791786,0.0,0.7109322602280348,False
oddball_flex,flex,C3,central,closed,1,56.9546,0.9200326060542617,12.117141126300512,2.4748741759638886,0.0,0.33800290481704337,False
oddball_flex,flex,T7,central,closed,1,56.9546,1.2447082871913469,18.251320110957458,2.5555748493435964,0.0,0.15996573119064034,False
oddball_flex,flex,FC1,fronto-central,closed,1,56.9546,1.0640440553266857,18.394830774706698,3.335470063231689,0.0,0.2958362058002637,False
oddball_flex,flex,FC5,fronto-central,closed,1,56.9546,1.2435477417459877,15.839997002660866,2.5454839577192416,0.0,0.33800290481704337,False
oddball_flex,flex,FT9,fronto-central,closed,1,56.9546,1.8643654451470202,28.160090439602257,2.539572741956945,0.0,0.17736786094359702,False
oddball_flex,flex,F3,frontal,closed,1,56.9546,1.1078195911332833,15.599477186056596,4.493575582984101,0.0,0.5334422081964031,False
oddball_flex,flex,F7,frontal,closed,1,56.9546,1.524277362411719,19.620540819025997,2.802997650195508,0.0,0.4819051316203391,False
oddball_flex,flex,Fp1,prefrontal,closed,1,56.9546,1.5033237925443956,19.62190743118344,3.155260131936313,0.0,2.596263896604577,False
oddball_flex,flex,Pz,parietal,closed,1,56.9546,1.1894115577697064,14.455746988900902,2.6543657575501247,0.0,0.19075411459971756,False
oddball_flex,flex,Cz,central,closed,1,56.9546,0.9629305229349258,13.278136381610679,2.6702812865783394,0.0,0.3895399813931074,False
oddball_flex,flex,O1,occipital,closed,1,56.9546,4.370610449234773,34.45678546459662,2.2733320561954344,0.0,3.054743084326705,False
oddball_flex,flex,PO9,occipital,closed,1,56.9546,2.3471179017508756,33.163682475956406,4.431948361535614,4.385964912280701,1.364059247558682,True
oddball_flex,flex,P3,parietal,closed,1,56.9546,1.40787672794662,15.769539488558951,2.2171419326938104,0.0,0.3226087131125048,False
oddball_flex,flex,P7,parietal,closed,1,56.9546,1.8350082058614787,20.62329716852115,2.325697368956463,0.0,0.3848547926134652,False
oddball_flex,flex,CP1,centro-parietal,closed,1,56.9546,0.9683017404727475,12.878646985967132,3.5864201219662672,0.0,0.35473572188719404,False
oddball_flex,flex,CP5,centro-parietal,closed,1,56.9546,1.1047791988387625,13.597900328062224,2.1129012361656065,0.0,0.17602923557798497,False
oddball_flex,flex,C4,central,closed,1,56.9546,1.107676786032018,13.013341413975997,2.480519385914806,0.0,0.5836406594068551,False
oddball_flex,flex,T8,central,closed,1,56.9546,1.5632906509980882,19.95665202809289,2.277872168730325,0.0,0.7884503403454992,False
oddball_flex,flex,FC2,fronto-central,closed,1,56.9546,1.1055035528627026,12.904084363373805,3.293234197003685,0.0,0.3098917721391902,False
oddball_flex,flex,FC6,fronto-central,closed,1,56.9546,1.2406429667174823,16.827533641075572,4.321871965767366,0.0,0.6519105530530698,False
oddball_flex,flex,FT10,fronto-central,closed,1,56.9546,2.020268708030249,25.946468055693906,10.570568907058092,3.508771929824561,0.6358470486657252,False
oddball_flex,flex,F4,frontal,closed,1,56.9546,1.2572788717779548,20.531735659683548,3.0030597617966595,0.0,0.7375825764522412,False
oddball_flex,flex,F8,frontal,closed,1,56.9546,1.2657878769489537,17.351227760857668,2.3617773566758498,0.0,0.8895165554492093,False
oddball_flex,flex,Fp2,prefrontal,closed,1,56.9546,0.8925397747456126,13.23803914649921,2.5063057584757313,0.0,2.0380571191443506,False
oddball_flex,flex,Oz,occipital,closed,1,56.9546,2.381364300821955,24.441399895511775,3.351737068921882,0.0,0.6418708628109794,False
oddball_flex,flex,Fz,frontal,closed,1,56.9546,1.0868811585690388,15.14842311671346,4.095276127712876,0.0,0.34536534432790966,False
oddball_flex,flex,O2,occipital,closed,1,56.9546,3.3082915839366343,30.526427671741068,6.421229531471883,1.7543859649122806,1.211455955878908,False
oddball_flex,flex,PO10,occipital,closed,1,56.9546,1.7613197219024186,21.340482737969605,6.287340813820979,2.631578947368421,0.9490853842189456,True
oddball_flex,flex,P4,parietal,closed,1,56.9546,1.2986281762133387,15.321863049237862,2.103672504259868,0.0,0.3005213945799059,False
oddball_flex,flex,P8,parietal,closed,1,56.9546,2.1348099691598423,22.02019785880381,2.267885096949068,0.0,1.1679506314965162,False
oddball_flex,flex,CP2,centro-parietal,closed,1,56.9546,1.003793047800686,12.788536050309736,2.0220367275653994,0.0,0.6204528569611866,False
oddball_flex,flex,CP6,centro-parietal,closed,1,56.9546,1.802354622649529,18.805396406702307,1.5159838450430896,0.0,0.6733285589028627,False
oddball_flex,flex,C3,central,open,1,33.893,1.0357921956961027,13.28377255780139,1.763400719177318,0.0,0.33800290481704337,False
oddball_flex,flex,T7,central,open,1,33.893,1.6643973567897508,24.72580317368573,1.9198111928284927,0.0,0.15996573119064034,False
oddball_flex,flex,FC1,fronto-central,open,1,33.893,1.2348019687650849,19.84987227435844,2.5107024071195987,0.0,0.2958362058002637,False
oddball_flex,flex,FC5,fronto-central,open,1,33.893,1.893098185700054,21.921931920113717,1.7051193826401978,0.0,0.33800290481704337,False
oddball_flex,flex,FT9,fronto-central,open,1,33.893,2.190488642421384,39.27955601765325,1.8541863718862142,0.0,0.17736786094359702,False
oddball_flex,flex,F3,frontal,open,1,33.893,2.0328724183499634,21.462704643299013,2.50135776920456,0.0,0.5334422081964031,False
oddball_flex,flex,F7,frontal,open,1,33.893,1.9773242915758065,26.935696045368132,2.189895463727496,0.0,0.4819051316203391,False
oddball_flex,flex,Fp1,prefrontal,open,1,33.893,3.018134280254973,29.43709580782141,2.5997420804976663,0.0,2.596263896604577,False
oddball_flex,flex,Pz,parietal,open,1,33.893,1.320884888442028,17.998124982689276,6.275998978086454,0.0,0.19075411459971756,False
oddball_flex,flex,Cz,central,open,1,33.893,1.0371576998767271,15.828765744386011,1.8339512022676483,0.0,0.3895399813931074,False
oddball_flex,flex,O1,occipital,open,1,33.893,4.366028484542001,42.25401509805565,2.2102755345785914,0.0,3.054743084326705,False
oddball_flex,flex,PO9,occipital,open,1,33.893,2.774274156610588,59.03942983839183,6.167441228679012,26.47058823529412,1.364059247558682,True
oddball_flex,flex,P3,parietal,open,1,33.893,1.4623220659920144,17.84316898051719,1.5192653323898406,0.0,0.3226087131125048,False
oddball_flex,flex,P7,parietal,open,1,33.893,2.1036934716729423,25.929883257183654,1.8186541198067323,0.0,0.3848547926134652,False
oddball_flex,flex,CP1,centro-parietal,open,1,33.893,0.9889927704478788,16.724656239416834,1.7679847436271245,0.0,0.35473572188719404,False
oddball_flex,flex,CP5,centro-parietal,open,1,33.893,1.2697504168497202,15.898208812120732,1.6437983745462386,0.0,0.17602923557798497,False
oddball_flex,flex,C4,central,open,1,33.893,1.1918927840229663,15.81693909753421,1.7487259755934623,0.0,0.5836406594068551,False
oddball_flex,flex,T8,central,open,1,33.893,2.1374073639386078,27.979725562517288,2.2610133064427784,0.0,0.7884503403454992,False
oddball_flex,flex,FC2,fronto-central,open,1,33.893,1.303179798268458,16.135264869383526,1.8868503792408478,0.0,0.3098917721391902,False
oddball_flex,flex,FC6,fronto-central,open,1,33.893,1.6979835837014472,19.737821412319704,4.0928894543802645,0.0,0.6519105530530698,False
oddball_flex,flex,FT10,fronto-central,open,1,33.893,2.0904138680891733,37.550801810605215,3.342286482048623,1.4705882352941175,0.6358470486657252,False
oddball_flex,flex,F4,frontal,open,1,33.893,2.461285293868981,28.28213752647942,1.7392487763455204,0.0,0.7375825764522412,False
oddball_flex,flex,F8,frontal,open,1,33.893,1.5231315321136232,21.556973029638897,1.8107371095048317,0.0,0.8895165554492093,False
oddball_flex,flex,Fp2,prefrontal,open,1,33.893,1.3911114340741038,18.213947847539316,1.678054011904475,0.0,2.0380571191443506,False
oddball_flex,flex,Oz,occipital,open,1,33.893,2.302559378022879,32.28025139983255,2.571525604920054,0.0,0.6418708628109794,False
oddball_flex,flex,Fz,frontal,open,1,33.893,1.5881619227100485,19.764779749207065,2.7154418787794357,0.0,0.34536534432790966,False
oddball_flex,flex,O2,occipital,open,1,33.893,3.500968478398617,43.723671620419864,4.779249828408541,10.294117647058822,1.211455955878908,False
oddball_flex,flex,PO10,occipital,open,1,33.893,2.072801887802364,33.08601196698308,3.6073267903939805,1.4705882352941175,0.9490853842189456,True
oddball_flex,flex,P4,parietal,open,1,33.893,1.4078524720703904,18.413638855445456,1.709492508158016,0.0,0.3005213945799059,False
oddball_flex,flex,P8,parietal,open,1,33.893,2.28065731180355,28.434704182700813,2.667240694998998,0.0,1.1679506314965162,False
oddball_flex,flex,CP2,centro-parietal,open,1,33.893,1.0552295244925243,15.642157631432962,1.6350777887651406,0.0,0.6204528569611866,False
oddball_flex,flex,CP6,centro-parietal,open,1,33.893,2.1977255773768665,21.900995379509475,2.4188493185457047,0.0,0.6733285589028627,False
oddball_flex,flex,C3,central,closed,2,63.735,0.9418872399225408,13.4058573045027,48.286070364628415,4.724409448818897,0.33800290481704337,False
oddball_flex,flex,T7,central,closed,2,63.735,1.2037944226466661,19.939115744115245,2.921644475795143,0.0,0.15996573119064034,False
oddball_flex,flex,FC1,fronto-central,closed,2,63.735,1.0591552691596426,17.38282481098043,2.1402185589736247,0.0,0.2958362058002637,False
oddball_flex,flex,FC5,fronto-central,closed,2,63.735,1.3139395561829184,18.174053090126506,1.7090937469835064,0.0,0.33800290481704337,False
oddball_flex,flex,FT9,fronto-central,closed,2,63.735,1.6656249920893622,25.35791778024596,1.8260312378730654,0.0,0.17736786094359702,False
oddball_flex,flex,F3,frontal,closed,2,63.735,1.0714128203834419,15.698323122608146,2.672262898992019,0.0,0.5334422081964031,False
oddball_flex,flex,F7,frontal,closed,2,63.735,1.3490754219233423,19.42002761320426,2.229408691887716,0.0,0.4819051316203391,False
oddball_flex,flex,Fp1,prefrontal,closed,2,63.735,1.4558764618443287,20.896690090903043,7.7561699511522315,3.149606299212598,2.596263896604577,False
oddball_flex,flex,Pz,parietal,closed,2,63.735,1.167316069341639,13.874627393795421,2.2919205232774376,0.0,0.19075411459971756,False
oddball_flex,flex,Cz,central,closed,2,63.735,0.9209388525085401,13.831168876005815,1.599793731405584,0.0,0.3895399813931074,False
oddball_flex,flex,O1,occipital,closed,2,63.735,4.10994039730402,33.81989798546925,9.406747174482755,3.149606299212598,3.054743084326705,False
oddball_flex,flex,PO9,occipital,closed,2,63.735,2.193287156281557,32.456974470137524,1.924752996999218,0.0,1.364059247558682,True
oddball_flex,flex,P3,parietal,closed,2,63.735,1.402023446149886,16.24754025650493,1.4842774039045685,0.0,0.3226087131125048,False
oddball_flex,flex,P7,parietal,closed,2,63.735,1.765572595164527,21.474693538851948,1.4321053939452448,0.0,0.3848547926134652,False
oddball_flex,flex,CP1,centro-parietal,closed,2,63.735,0.9330703868281531,12.451451605898114,1.5523439895512077,0.0,0.35473572188719404,False
oddball_flex,flex,CP5,centro-parietal,closed,2,63.735,1.0603020581952514,13.405678478172405,1.5333579669734256,0.0,0.17602923557798497,False
oddball_flex,flex,C4,central,closed,2,63.735,1.0164772541855176,13.642332604588038,1.4589427450548023,0.0,0.5836406594068551,False
oddball_flex,flex,T8,central,closed,2,63.735,1.4339718839386413,20.317270219278846,1.5185669582111962,0.0,0.7884503403454992,False
oddball_flex,flex,FC2,fronto-central,closed,2,63.735,1.0732290011187762,13.758888391465417,5.257433408094299,0.0,0.3098917721391902,False
oddball_flex,flex,FC6,fronto-central,closed,2,63.735,1.1305135248803009,15.692113803976728,4.865426629829467,0.0,0.6519105530530698,False
oddball_flex,flex,FT10,fronto-central,closed,2,63.735,1.8043943565014517,26.364322999634837,2.837801346776506,0.0,0.6358470486657252,False
oddball_flex,flex,F4,frontal,closed,2,63.735,1.1736158043276532,19.373040467992205,4.10939832029071,0.0,0.7375825764522412,False
oddball_flex,flex,F8,frontal,closed,2,63.735,1.1932431900327822,17.45371542259477,1.7315345278702585,0.0,0.8895165554492093,False
oddball_flex,flex,Fp2,prefrontal,closed,2,63.735,0.8716711984989648,12.988070066277757,7.0854046343388974,0.0,2.0380571191443506,False
oddball_flex,flex,Oz,occipital,closed,2,63.735,1.9461942778050325,23.03702943516195,1.5813933677909906,0.0,0.6418708628109794,False
oddball_flex,flex,Fz,frontal,closed,2,63.735,1.1210306492355342,15.631406017098115,5.8778600322833565,0.0,0.34536534432790966,False
oddball_flex,flex,O2,occipital,closed,2,63.735,3.4664689023117474,29.75461082976875,1.5965053660123434,0.0,1.211455955878908,False
oddball_flex,flex,PO10,occipital,closed,2,63.735,1.6424189911572242,23.26653862569207,2.738255014717217,0.0,0.9490853842189456,True
oddball_flex,flex,P4,parietal,closed,2,63.735,1.237870729443772,15.018572115703423,1.4506071437291455,0.0,0.3005213945799059,False
oddball_flex,flex,P8,parietal,closed,2,63.735,1.849189950583293,20.87071743711479,1.3931525121732633,0.0,1.1679506314965162,False
oddball_flex,flex,CP2,centro-parietal,closed,2,63.735,0.975599361493762,12.558018151493975,1.4346920202562348,0.0,0.6204528569611866,False
oddball_flex,flex,CP6,centro-parietal,closed,2,63.735,1.691112649816049,18.596183505574164,3.5514425704694665,0.0,0.6733285589028627,False
oddball_flex,flex,C3,central,open,2,57.1053,1.2518608880117645,17.277993575451745,4.595965745938121,0.0,0.33800290481704337,False
oddball_flex,flex,T7,central,open,2,57.1053,2.043942198315679,33.95006886863405,22.205991161838472,11.304347826086957,0.15996573119064034,False
oddball_flex,flex,FC1,fronto-central,open,2,57.1053,1.3947861411964617,31.958048933885664,6.664456494835317,5.217391304347826,0.2958362058002637,False
oddball_flex,flex,FC5,fronto-central,open,2,57.1053,1.8701880514024563,26.638118077083035,4.506144656764342,1.7391304347826086,0.33800290481704337,False
oddball_flex,flex,FT9,fronto-central,open,2,57.1053,2.2638337812440854,42.303519877151786,3.141100581070758,4.3478260869565215,0.17736786094359702,False
oddball_flex,flex,F3,frontal,open,2,57.1053,1.7685651179294288,27.875300196990423,5.830610424233442,1.7391304347826086,0.5334422081964031,False
oddball_flex,flex,F7,frontal,open,2,57.1053,1.8618314775759321,39.04331408843821,4.929662018659946,6.956521739130435,0.4819051316203391,False
oddball_flex,flex,Fp1,prefrontal,open,2,57.1053,2.4194485608962997,36.693518143667816,5.980855537619817,7.82608695652174,2.596263896604577,False
oddball_flex,flex,Pz,parietal,open,2,57.1053,1.9262792688754637,25.85486583627598,18.936492090296685,11.304347826086957,0.19075411459971756,False
oddball_flex,flex,Cz,central,open,2,57.1053,1.295511714363019,25.390781415383273,7.073962178657823,5.217391304347826,0.3895399813931074,False
oddball_flex,flex,O1,occipital,open,2,57.1053,5.177053178835237,68.7566661522815,16.029909495989195,38.26086956521739,3.054743084326705,False
oddball_flex,flex,PO9,occipital,open,2,57.1053,4.501501791340656,131.20510907075982,15.028138202500973,50.43478260869565,1.364059247558682,True
oddball_flex,flex,P3,parietal,open,2,57.1053,2.004036165271274,25.7443943357165,6.89770699152147,3.4782608695652173,0.3226087131125048,False
oddball_flex,flex,P7,parietal,open,2,57.1053,3.5024732565888184,54.259825312887585,34.157016129090536,33.91304347826087,0.3848547926134652,False
oddball_flex,flex,CP1,centro-parietal,open,2,57.1053,1.5489142638750704,35.87113349930638,17.623362550208856,16.52173913043478,0.35473572188719404,False
oddball_flex,flex,CP5,centro-parietal,open,2,57.1053,1.6441886543851336,20.993020826176274,6.292013983470622,2.608695652173913,0.17602923557798497,False
oddball_flex,flex,C4,central,open,2,57.1053,1.4555198495334727,19.213874149503006,5.559337285865611,0.8695652173913043,0.5836406594068551,False
oddball_flex,flex,T8,central,open,2,57.1053,2.578609187266557,36.670974006455296,25.145835824815876,12.173913043478262,0.7884503403454992,False
oddball_flex,flex,FC2,fronto-central,open,2,57.1053,1.3698249070992765,20.619916829099964,5.307203624400426,0.0,0.3098917721391902,False
oddball_flex,flex,FC6,fronto-central,open,2,57.1053,1.9291293174747237,31.596413182306645,5.851154309978437,5.217391304347826,0.6519105530530698,False
oddball_flex,flex,FT10,fronto-central,open,2,57.1053,2.6481841836764537,63.20379155798435,4.9913015919298545,19.130434782608695,0.6358470486657252,False
oddball_flex,flex,F4,frontal,open,2,57.1053,2.132456454534868,28.989048382321553,4.97467319889246,5.217391304347826,0.7375825764522412,False
oddball_flex,flex,F8,frontal,open,2,57.1053,1.6741859590084713,30.73912972554163,6.580403315532466,9.565217391304348,0.8895165554492093,False
oddball_flex,flex,Fp2,prefrontal,open,2,57.1053,1.4134533961542273,22.898578994645202,6.344098382245915,3.4782608695652173,2.0380571191443506,False
oddball_flex,flex,Oz,occipital,open,2,57.1053,4.324461356373519,49.98140574408338,32.751759534323,39.130434782608695,0.6418708628109794,False
oddball_flex,flex,Fz,frontal,open,2,57.1053,1.512243381619497,26.877252809296362,5.500756418963866,5.217391304347826,0.34536534432790966,False
oddball_flex,flex,O2,occipital,open,2,57.1053,4.188505671496443,162.7384174164832,8.978874409214015,55.65217391304348,1.211455955878908,False
oddball_flex,flex,PO10,occipital,open,2,57.1053,4.43528874473547,111.3514796622414,15.029710244854261,48.69565217391305,0.9490853842189456,True
oddball_flex,flex,P4,parietal,open,2,57.1053,1.8106113159374007,33.920143740248704,21.573456542564045,20.0,0.3005213945799059,False
oddball_flex,flex,P8,parietal,open,2,57.1053,3.6540560034668634,44.03070938437588,36.63170146130604,28.695652173913043,1.1679506314965162,False
oddball_flex,flex,CP2,centro-parietal,open,2,57.1053,1.4449788731471087,30.952902671825182,25.597117854444853,15.65217391304348,0.6204528569611866,False
oddball_flex,flex,CP6,centro-parietal,open,2,57.1053,2.463321843397782,30.865858202962414,7.018922959018441,5.217391304347826,0.6733285589028627,False
gng_epocx_2,epocx,AF3,prefrontal,closed,1,42.3183,0.5738878206622173,13.937882452954963,1.9404039801278714,0.0,,False
gng_epocx_2,epocx,F7,frontal,closed,1,42.3183,0.557555873782771,12.565106671966564,1.9473426476759503,0.0,,False
gng_epocx_2,epocx,F3,frontal,closed,1,42.3183,0.529503958306633,15.941118827702205,3.7739346346735143,0.0,,False
gng_epocx_2,epocx,FC5,fronto-central,closed,1,42.3183,0.5683360454654115,12.146848965000494,2.3525038124925355,0.0,,False
gng_epocx_2,epocx,T7,central,closed,1,42.3183,0.8642323266739794,26.866330265565935,5.668827323087895,2.3529411764705883,,False
gng_epocx_2,epocx,P7,parietal,closed,1,42.3183,0.9811483203354538,25.39327808353984,1.8983990636436627,0.0,,False
gng_epocx_2,epocx,O1,occipital,closed,1,42.3183,1.5587516786153266,30.298431988926183,1.6234830509908447,0.0,,False
gng_epocx_2,epocx,O2,occipital,closed,1,42.3183,1.0160748673837454,22.1852747241567,1.7120707134627862,0.0,,False
gng_epocx_2,epocx,P8,parietal,closed,1,42.3183,0.7227794640152989,17.780304459393513,5.261805021577882,0.0,,False
gng_epocx_2,epocx,T8,central,closed,1,42.3183,0.710807538689398,25.996816259488263,3.296995881197016,0.0,,False
gng_epocx_2,epocx,FC6,fronto-central,closed,1,42.3183,0.6218841849229285,16.749038701804622,1.5387070827188087,0.0,,False
gng_epocx_2,epocx,F4,frontal,closed,1,42.3183,0.6073434276803898,17.95243197351646,1.4021709308864365,0.0,,False
gng_epocx_2,epocx,F8,frontal,closed,1,42.3183,0.5788774461834636,15.950023771228432,1.7961155408695455,0.0,,False
gng_epocx_2,epocx,AF4,prefrontal,closed,1,42.3183,0.5143525046254407,15.61614373476371,1.7772567022407995,0.0,,False
