time,value,condition,sample,sample_error_ms,block,deviant,post_deviant
242.8594,Oddball-standard,standard,31083,3.582581142552499,0,False,False
244.1095,Oddball-standard,standard,31243,3.621795921787907,0,False,False
245.1914,Oddball-standard,standard,31381,-0.03313133112214928,0,False,False
246.4577,Oddball-standard,standard,31543,-0.5671763671557528,0,False,False
247.5913,Oddball-standard,standard,31688,-1.2285129734550537,0,False,False
249.0584,Oddball-standard,standard,31876,0.5850643921121446,0,False,False
250.4762,Oddball-oddball,deviant,32057,-2.9949488888689757,0,True,False
253.3251,Oddball-standard,standard,32422,-0.014865173739053716,0,False,False
254.4416,Oddball-standard,standard,32565,0.7970580351752687,0,False,False
255.4579,Oddball-standard,standard,32695,0.2351700433109727,0,False,False
256.6599,Oddball-standard,standard,32849,1.4941642683083955,0,False,False
257.8613,Oddball-standard,standard,33003,3.353158493268893,0,False,False
259.2093,Oddball-standard,standard,33175,-0.7471856189908976,0,False,False
260.4101,Oddball-oddball,deviant,33329,1.7118086059895177,0,True,False
263.0944,Oddball-standard,standard,33672,-2.6022497110034237,0,False,False
264.2414,Oddball-standard,standard,33819,-1.0368461325924727,0,False,False
265.5261,Oddball-standard,standard,33984,3.469219108467314,0,False,False
266.7925,Oddball-standard,standard,34146,2.835174072401969,0,False,False
267.9261,Oddball-standard,standard,34291,2.1738374661026683,0,False,False
269.1934,Oddball-standard,standard,34453,0.6397924300927116,0,False,False
270.3264,Oddball-standard,standard,34598,0.5784558238133286,0,False,False
271.7918,Oddball-standard,standard,34785,-3.721336903026895,0,False,False
272.877,Oddball-standard,standard,34924,-2.862894063582644,0,False,False
274.0756,Oddball-standard,standard,35078,1.7961001614708039,0,False,False
275.1585,Oddball-standard,standard,35216,-2.858827091472449,0,False,False
276.226,Oddball-oddball,deviant,35353,0.07287556326218692,0,True,False
278.5092,Oddball-standard,standard,35645,-1.6230574646556306,0,False,False
279.7114,Oddball-standard,standard,35799,-0.5640632396648471,0,False,False
280.9088,Oddball-standard,standard,35952,-2.518439107006998,0,False,False
282.3424,Oddball-standard,standard,36136,1.5416578891063182,0,False,False
283.4283,Oddball-oddball,deviant,36275,1.7001007286125969,0,True,False
285.9428,Oddball-standard,standard,36597,3.1052704717922097,0,False,False
287.0771,Oddball-standard,standard,36742,1.743933865498093,0,False,False
288.1267,Oddball-standard,standard,36876,-0.8644737569625249,0,False,False
289.5595,Oddball-standard,standard,37059,-3.8177468532012426,0,False,False
290.6428,Oddball-standard,standard,37198,-1.0593040137791832,0,False,False
291.8595,Oddball-standard,standard,37354,1.1264303959706012,0,False,False
293.2924,Oddball-oddball,deviant,37537,-1.9268427002430144,0,True,False
295.6098,Oddball-standard,standard,37834,1.2440747336768254,0,False,False
296.8089,Oddball-standard,standard,37987,-2.4103011336364943,0,False,False
298.2596,Oddball-standard,standard,38173,0.17653604720635485,0,False,False
299.5262,Oddball-standard,standard,38335,-0.6575089888656294,0,False,False
300.8763,Oddball-standard,standard,38508,0.9555169912118799,0,False,False
302.3261,Oddball-standard,standard,38693,-3.3710159203224066,0,False,False
303.6261,Oddball-standard,standard,38860,1.4617895055266672,0,False,False
305.0929,Oddball-standard,standard,39048,3.575366871132246,0,False,False
306.2257,Oddball-standard,standard,39193,3.7140302647458157,0,False,False
307.5104,Oddball-standard,standard,39357,0.40672541348385494,0,False,False
308.9446,Oddball-standard,standard,39541,3.8668224096340964,0,False,False
310.2786,Oddball-standard,standard,39711,-1.860261887429715,0,False,False
311.6593,Oddball-oddball,deviant,39888,0.4062444621126815,0,True,False
314.2603,Oddball-standard,standard,40221,1.2584852213421982,0,False,False
315.3444,Oddball-standard,standard,40360,3.216928060794544,0,False,False
316.8266,Oddball-standard,standard,40549,-2.2561244812209225,0,False,False
318.062,Oddball-standard,standard,40707,-3.143649886737876,0,False,False
319.3117,Oddball-standard,standard,40867,-2.7044351074891892,0,False,False
320.6935,Oddball-standard,standard,41044,-1.5379287579548873,0,False,False
321.9957,Oddball-standard,standard,41211,1.0948766678211541,0,False,False
323.4269,Oddball-oddball,deviant,41394,-0.2583964284212925,0,True,False
326.0618,Oddball-standard,standard,41731,-2.0526752996943287,0,False,False
327.4951,Oddball-standard,standard,41915,2.307421696457368,0,False,False
328.601,Oddball-standard,standard,42056,-1.9073952793746685,0,False,False
329.7456,Oddball-standard,standard,42203,2.0580082990022674,0,False,False
330.8267,Oddball-standard,standard,42341,-0.7969189538812316,0,False,False
332.2102,Oddball-standard,standard,42518,-1.3304126043180986,0,False,False
333.296,Oddball-standard,standard,42657,-1.0719697648937654,0,False,False
334.3437,Oddball-standard,standard,42791,-1.780377387262888,0,False,False
335.5267,Oddball-standard,standard,42943,2.85187665298281,0,False,False
336.6275,Oddball-standard,standard,43084,3.7370596771779674,0,False,False
338.111,Oddball-standard,standard,43273,-3.0359928648522327,0,False,False
339.4604,Oddball-oddball,deviant,43446,-0.7229668847799076,0,True,False
341.9792,Oddball-standard,standard,43768,-3.6177971416009314,0,False,False
343.4773,Oddball-standard,standard,43960,-1.550739406525281,0,False,False
344.7954,Oddball-standard,standard,44129,0.8088062040769728,0,False,False
345.8447,Oddball-oddball,deviant,44263,-1.4996014183452644,0,True,False
348.2275,Oddball-standard,standard,44568,-1.2217232454645455,0,False,False
349.3443,Oddball-standard,standard,44711,-0.7098000364749169,0,False,False
350.7439,Oddball-standard,standard,44890,-1.716553502262741,0,False,False
352.094,Oddball-standard,standard,45063,-0.10352752218523165,0,False,False
353.2441,Oddball-standard,standard,45210,-1.6381239437919248,0,False,False
354.5107,Oddball-standard,standard,45372,-2.4721689798070656,0,False,False
355.7274,Oddball-standard,standard,45528,-0.28643457005728123,0,False,False
357.011,Oddball-standard,standard,45692,-2.493739421367991,0,False,False
358.111,Oddball-standard,standard,45833,-0.8085563971462761,0,False,False
359.3781,Oddball-standard,standard,45995,-2.142601433206437,0,False,False
360.596,Oddball-standard,standard,46151,-1.156867023439645,0,False,False
362.0946,Oddball-oddball,deviant,46343,0.4101907115909853,0,True,False
364.8615,Oddball-standard,standard,46697,-0.5567965893078508,0,False,False
366.278,Oddball-standard,standard,46878,-2.8368098703595024,0,False,False
367.7448,Oddball-standard,standard,47066,-0.72323250469708,0,False,False
368.9449,Oddball-standard,standard,47220,2.435761720278151,0,False,False
370.124,Oddball-standard,standard,47371,3.1546456681894597,0,False,False
371.361,Oddball-standard,standard,47529,0.6671202626762351,0,False,False
372.6447,Oddball-standard,standard,47693,-1.6401845886093724,0,False,False
373.7283,Oddball-oddball,deviant,47832,0.8182582508311498,0,True,False
376.3779,Oddball-standard,standard,48171,-0.04928043568952489,0,False,False
377.8798,Oddball-standard,standard,48363,-1.7822227005694913,0,False,False
378.9118,Oddball-standard,standard,48495,-2.417370507771466,0,False,False
380.0121,Oddball-standard,standard,48636,-1.032187483474445,0,False,False
381.495,Oddball-standard,standard,48826,0.608130066780177,0,False,False
382.5948,Oddball-standard,standard,48967,2.493313091008531,0,False,False
383.8943,Oddball-standard,standard,49133,0.012748424467190489,0,False,False
385.2951,Oddball-standard,standard,49312,-2.1940050412467826,0,False,False
386.4643,Oddball-standard,standard,49462,0.6115088142450986,0,False,False
387.7123,Oddball-standard,standard,49622,2.7507235934649543,0,False,False
389.0115,Oddball-standard,standard,49788,0.570158926905151,0,False,False
390.2786,Oddball-oddball,deviant,49950,-0.7638861090981663,0,True,False
392.7789,Oddball-standard,standard,50270,-0.7854565506590916,0,False,False
394.1957,Oddball-oddball,deviant,50451,-3.365469831635437,0,True,False
397.0294,Oddball-standard,standard,50814,-0.8121263012412783,0,False,False
398.2121,Oddball-standard,standard,50965,-3.693242353392634,0,False,False
399.3629,Oddball-standard,standard,51113,1.885531317384448,0,False,False
400.6292,Oddball-standard,standard,51275,1.3514862813508444,0,False,False
401.9625,Oddball-standard,standard,51445,-3.6755980156613077,0,False,False
403.0617,Oddball-standard,standard,51586,-1.1904149914698792,0,False,False
404.296,Oddball-standard,standard,51744,-0.9779403969787381,0,False,False
405.5616,Oddball-standard,standard,51906,-0.8119854330175258,0,False,False
406.6287,Oddball-standard,standard,52043,2.5197172217303887,0,False,False
407.8286,Oddball-standard,standard,52196,-1.9346586456663317,0,False,False
409.0464,Oddball-standard,standard,52352,-0.8489242359246418,0,False,False
410.2293,Oddball-standard,standard,52504,3.8833298043527975,0,False,False
411.4462,Oddball-standard,standard,52659,-1.944305878225805,0,False,False
412.5625,Oddball-standard,standard,52802,-0.9323826693048431,0,False,False
413.7452,Oddball-oddball,deviant,52953,-3.813498721456199,0,True,False
416.512,Oddball-standard,standard,53308,3.132884069998454,0,False,False
417.546,Oddball-oddball,deviant,53440,0.49773626284377315,0,True,False
420.1289,Oddball-standard,standard,53771,3.823236837376953,0,False,False
421.2626,Oddball-standard,standard,53916,3.061900231045911,0,False,False
422.5964,Oddball-standard,standard,54086,-2.465184066011261,0,False,False
424.0795,Oddball-standard,standard,54276,-1.0248665156495917,0,False,False
425.1623,Oddball-standard,standard,54415,2.2335763237606443,0,False,False
426.2148,Oddball-standard,standard,54549,-3.274831298654135,0,False,False
427.5962,Oddball-standard,standard,54726,-1.7083249491065544,0,False,False
428.9127,Oddball-standard,standard,54895,2.2512206614919705,0,False,False
430.2794,Oddball-standard,standard,55070,2.890986826230346,0,False,False
431.3796,Oddball-standard,standard,55210,-3.437200241876326,0,False,False
432.5134,Oddball-standard,standard,55356,3.5148332441394814,0,False,False
433.8135,Oddball-standard,standard,55522,0.4342685776350663,0,False,False
434.9627,Oddball-standard,standard,55669,-0.20032784397017167,0,False,False
436.3461,Oddball-standard,standard,55846,-0.6338214944321408,0,False,False
437.713,Oddball-standard,standard,56021,-0.1940553297004044,0,False,False
439.0796,Oddball-standard,standard,56196,0.5457108350697126,0,False,False
440.4136,Oddball-oddball,deviant,56367,2.6319966304413356,0,True,False
442.7804,Oddball-standard,standard,56670,3.283134618584427,0,False,False
444.0798,Oddball-standard,standard,56836,0.9025699520179842,0,False,False
445.3131,Oddball-standard,standard,56994,2.1150445464854783,0,False,False
446.6298,Oddball-standard,standard,57162,-1.938779935301227,0,False,False
447.6635,Oddball-standard,standard,57295,3.539442349961064,0,False,False
449.0631,Oddball-standard,standard,57474,2.53268888417324,0,False,False
450.2631,Oddball-standard,standard,57627,-2.0216869831983786,0,False,False
451.3304,Oddball-oddball,deviant,57764,1.1100156715428966,0,True,False
453.6465,Oddball-standard,standard,58060,-2.2324369869011207,0,False,False
454.797,Oddball-standard,standard,58208,3.646336683914342,0,False,False
456.2462,Oddball-standard,standard,58393,-0.08019622760002676,0,False,False
457.6466,Oddball-standard,standard,58572,-1.8869496933007213,0,False,False
458.7299,Oddball-standard,standard,58711,0.8714931461213382,0,False,False
459.881,Oddball-standard,standard,58858,-1.663103275461708,0,False,False
460.9141,Oddball-standard,standard,58990,-3.3982510826149337,0,False,False
462.2473,Oddball-oddball,deviant,59161,-0.5119652872735969,0,True,False
465.0136,Oddball-standard,standard,59515,-0.8789525882662019,0,False,False
466.4304,Oddball-standard,standard,59696,-3.4589658692425473,0,False,False
467.6303,Oddball-oddball,deviant,59850,-0.09997164420383342,0,True,False
470.0472,Oddball-standard,standard,60159,-2.6686131018323067,0,False,False
471.0637,Oddball-standard,standard,60289,-3.430501093703242,0,False,False
472.1484,Oddball-standard,standard,60428,-2.0720582542708144,0,False,False
473.3642,Oddball-standard,standard,60584,1.0136761554804252,0,False,False
474.6806,Oddball-standard,standard,60752,-2.740148326324743,0,False,False
475.7644,Oddball-standard,standard,60891,-0.4817054868908599,0,False,False
477.1974,Oddball-standard,standard,61074,-3.634978583136217,0,False,False
478.5803,Oddball-standard,standard,61251,-3.5684722336100094,0,False,False
479.6145,Oddball-standard,standard,61384,1.4097500516072614,0,False,False
480.9309,Oddball-standard,standard,61552,-2.3440744301979066,0,False,False
482.1642,Oddball-standard,standard,61710,-1.131599835673569,0,False,False
483.6309,Oddball-standard,standard,61898,1.0819775299069079,0,False,False
484.7317,Oddball-standard,standard,62039,1.9671605541020654,0,False,False
485.9981,Oddball-oddball,deviant,62201,1.3331155180367205,0,True,False
488.7484,Oddball-standard,standard,62553,1.3393880323633311,0,False,False
489.9142,Oddball-standard,standard,62702,-0.26846820446735364,0,False,False
490.9985,Oddball-standard,standard,62841,1.4899746350351961,0,False,False
629.7844,Oddball-standard,standard,80603,-3.330444685730072,1,False,False
630.8691,Oddball-oddball,deviant,80742,-1.972001846297644,1,True,False
633.2851,Oddball-standard,standard,81051,-3.640643303924662,1,False,False
634.5509,Oddball-standard,standard,81213,-3.6746883398564023,1,False,False
635.9022,Oddball-standard,standard,81386,-3.261662359818729,1,False,False
637.3019,Oddball-standard,standard,81566,3.444954266683453,1,False,False
638.469,Oddball-standard,standard,81715,0.537098029894878,1,False,False
639.502,Oddball-standard,standard,81847,-1.0980497771697628,1,False,False
640.6851,Oddball-standard,standard,81999,3.434204263044194,1,False,False
642.0537,Oddball-standard,standard,82174,2.1739704277479177,1,False,False
643.5197,Oddball-standard,standard,82361,-2.72582229888485,1,False,False
644.8369,Oddball-oddball,deviant,82530,0.5337233116051721,1,True,False
647.2343,Oddball-standard,standard,82837,1.8383416693268373,1,False,False
648.6369,Oddball-standard,standard,83016,-2.1684117964468896,1,False,False
649.8856,Oddball-standard,standard,83176,-0.7291970172218498,1,False,False
651.0681,Oddball-standard,standard,83327,-3.4103130692528794,1,False,False
652.3685,Oddball-standard,standard,83494,1.022492356469229,1,False,False
653.6177,Oddball-standard,standard,83654,1.9617071357060922,1,False,False
654.6692,Oddball-standard,standard,83788,-2.546700486732334,1,False,False
656.0016,Oddball-standard,standard,83959,1.1395853085787166,1,False,False
657.1015,Oddball-standard,standard,84100,2.9247683328321727,1,False,False
658.1185,Oddball-standard,standard,84230,1.662880340859374,1,False,False
659.3518,Oddball-standard,standard,84388,2.875354935440555,1,False,False
660.8353,Oddball-standard,standard,84577,-3.897697606589645,1,False,False
661.9525,Oddball-standard,standard,84720,-3.7857743976701386,1,False,False
663.0854,Oddball-oddball,deviant,84865,-3.747111004031467,1,True,False
665.4192,Oddball-standard,standard,85164,-1.349453385387278,1,False,False
666.6527,Oddball-standard,standard,85322,-0.336978790755893,1,False,False
667.9693,Oddball-standard,standard,85491,3.5225668198108906,1,False,False
669.3353,Oddball-standard,standard,85665,-2.9510371077776654,1,False,False
670.4025,Oddball-standard,standard,85802,0.2806655468248209,1,False,False
671.7852,Oddball-standard,standard,85979,0.5471718964145111,1,False,False
672.9022,Oddball-standard,standard,86122,0.8590951053975004,1,False,False
674.1192,Oddball-oddball,deviant,86278,2.744829515108904,1,True,False
676.6528,Oddball-standard,standard,86602,0.676739443065344,1,False,False
677.8187,Oddball-standard,standard,86751,-1.0311167937970822,1,False,False
678.9692,Oddball-standard,standard,86898,-2.965713215417054,1,False,False
680.1527,Oddball-standard,standard,87050,1.1665408248973108,1,False,False
681.4862,Oddball-oddball,deviant,87221,3.7528266201434235,1,True,False
684.0697,Oddball-standard,standard,87551,-1.3350428976082185,1,False,False
685.5055,Oddball-standard,standard,87735,0.5250540984889085,1,False,False
686.9062,Oddball-standard,standard,87914,-1.58169936730701,1,False,False
688.0025,Oddball-standard,standard,88055,3.80348365683858,1,False,False
689.1029,Oddball-standard,standard,88195,-2.724703411217888,1,False,False
690.5862,Oddball-standard,standard,88385,-1.484385860862858,1,False,False
691.8884,Oddball-standard,standard,88552,1.14841956485634,1,False,False
693.0881,Oddball-standard,standard,88705,-3.105956302533741,1,False,False
694.57,Oddball-oddball,deviant,88895,-0.46563875218907924,1,True,False
696.9866,Oddball-standard,standard,89204,-2.734280209665485,1,False,False
698.1705,Oddball-standard,standard,89356,0.9979738306356012,1,False,False
699.4026,Oddball-standard,standard,89514,3.4104484250292444,1,False,False
700.8544,Oddball-standard,standard,89699,-2.916084486514592,1,False,False
702.0882,Oddball-standard,standard,89857,-2.2036098920352742,1,False,False
703.2362,Oddball-oddball,deviant,90004,-1.6382063136006764,1,True,False
705.4378,Oddball-standard,standard,90286,0.1321597347896386,1,False,False
706.8106,Oddball-standard,standard,90462,2.4852959919599016,1,False,False
708.1371,Oddball-standard,standard,90631,-3.555158397489322,1,False,False
709.606,Oddball-standard,standard,90819,-3.5415810318681906,1,False,False
711.0081,Oddball-standard,standard,90999,0.7650355947816934,1,False,False
712.1731,Oddball-standard,standard,91148,-0.042820642079277604,1,False,False
713.5575,Oddball-standard,standard,91325,-1.4763142925175998,1,False,False
714.7899,Oddball-standard,standard,91483,0.6361603019513495,1,False,False
715.8049,Oddball-standard,standard,91613,1.3742723100449439,1,False,False
716.989,Oddball-standard,standard,91764,-2.9068437420392,1,False,False
718.0545,Oddball-standard,standard,91901,2.0248589127049854,1,False,False
719.4704,Oddball-standard,standard,92082,0.34484563161640835,1,False,False
720.9062,Oddball-standard,standard,92266,2.204942627827222,1,False,False
722.0042,Oddball-standard,standard,92406,-1.9232444403769478,1,False,False
723.3701,Oddball-standard,standard,92581,-0.4834782755551714,1,False,False
724.7367,Oddball-oddball,deviant,92756,0.25628788910125877,1,True,False
727.2383,Oddball-standard,standard,93076,-1.06528255230387,1,False,False
728.2536,Oddball-oddball,deviant,93206,-0.6271705442486564,1,True,False
730.5072,Oddball-standard,standard,93495,3.8367861507140333,1,False,False
731.7209,Oddball-standard,standard,93650,1.2091504680711296,1,False,False
732.804,Oddball-standard,standard,93788,-3.6457767847650757,1,False,False
734.1377,Oddball-standard,standard,93959,-1.259490989468759,1,False,False
735.5537,Oddball-standard,standard,94140,-3.039504270532234,1,False,False
736.7892,Oddball-standard,standard,94299,3.7863404163545056,1,False,False
737.9703,Oddball-standard,standard,94450,2.505224364313108,1,False,False
739.3704,Oddball-standard,standard,94629,0.9984708984802637,1,False,False
740.4538,Oddball-standard,standard,94768,3.656913738041112,1,False,False
741.7394,Oddball-standard,standard,94932,-0.5503911133928341,1,False,False
743.0383,Oddball-standard,standard,95098,-2.4309557799142567,1,False,False
744.3875,Oddball-standard,standard,95271,0.08207020016470779,1,False,False
745.8216,Oddball-standard,standard,95455,3.642167196289847,1,False,False
747.1884,Oddball-standard,standard,95629,-3.631436731325266,1,False,False
748.6373,Oddball-oddball,deviant,95815,0.7554004496341804,1,True,False
751.0874,Oddball-standard,standard,96128,-3.7597606385588733,1,False,False
752.1211,Oddball-standard,standard,96261,1.718461646760261,1,False,False
753.222,Oddball-standard,standard,96402,2.503644670923677,1,False,False
754.3543,Oddball-standard,standard,96547,3.14230806463911,1,False,False
755.5375,Oddball-standard,standard,96698,-0.23880798755726573,1,False,False
756.7538,Oddball-standard,standard,96854,2.3469264222057973,1,False,False
758.0887,Oddball-standard,standard,97025,3.533212217462278,1,False,False
759.4739,Oddball-standard,standard,97202,1.2997185671110856,1,False,False
760.7242,Oddball-standard,standard,97362,1.138933346283011,1,False,False
762.0545,Oddball-standard,standard,97532,-0.8881509508000818,1,False,False
763.5576,Oddball-oddball,deviant,97724,-3.821093215719884,1,True,False
765.9217,Oddball-standard,standard,98027,-0.46995522757242725,1,False,False
767.1399,Oddball-standard,standard,98183,0.21577918221282744,1,False,False
768.6082,Oddball-standard,standard,98371,0.8293565477970333,1,False,False
769.8079,Oddball-standard,standard,98524,-3.425019319593048,1,False,False
771.19,Oddball-standard,standard,98701,-2.55851297015397,1,False,False
772.2216,Oddball-standard,standard,98833,-2.793660777115292,1,False,False
773.5883,Oddball-standard,standard,99008,-2.15389461243376,1,False,False
774.7071,Oddball-oddball,deviant,99151,-3.641971403453681,1,True,False
777.2888,Oddball-standard,standard,99482,0.8835291710056481,1,False,False
778.7059,Oddball-standard,standard,99663,-1.996484110009078,1,False,False
779.7222,Oddball-standard,standard,99793,-2.5583721018165306,1,False,False
780.9064,Oddball-standard,standard,99945,0.8738819384461749,1,False,False
782.2387,Oddball-oddball,deviant,100115,-3.153202358589624,1,True,False
784.8382,Oddball-standard,standard,100448,-0.8009615993387342,1,False,False
786.174,Oddball-standard,standard,100619,-0.5146758039700217,1,False,False
787.5057,Oddball-standard,standard,100790,3.8716099911653146,1,False,False
788.7746,Oddball-standard,standard,100952,0.7375649553296171,1,False,False
790.2586,Oddball-standard,standard,101142,1.277882505519301,1,False,False
791.3759,Oddball-standard,standard,101285,1.2898057144639097,1,False,False
792.9324,Oddball-standard,standard,101484,-0.34954590387314965,1,False,False
794.3716,Oddball-standard,standard,101668,-1.8894489076046739,1,False,False
795.4888,Oddball-standard,standard,101811,-1.7775256986851673,1,False,False
796.739,Oddball-standard,standard,101971,-1.838310919538344,1,False,False
797.9063,Oddball-standard,standard,102121,2.8672029360450324,1,False,False
798.9218,Oddball-standard,standard,102251,3.10531494415045,1,False,False
800.4224,Oddball-oddball,deviant,102443,2.6723726791715308,1,True,False
803.1082,Oddball-standard,standard,102786,-3.1416856378427838,1,False,False
804.4729,Oddball-standard,standard,102961,-0.5019194729811716,1,False,False
805.9057,Oddball-standard,standard,103144,-3.4551925692767327,1,False,False
807.1743,Oddball-standard,standard,103307,1.5241324870203243,1,False,False
808.3067,Oddball-standard,standard,103452,2.0627958807608593,1,False,False
809.6405,Oddball-standard,standard,103622,-3.464288416353156,1,False,False
810.7751,Oddball-standard,standard,103768,2.6877450696929372,1,False,False
811.8727,Oddball-standard,standard,103908,-1.040441998497954,1,False,False
813.1248,Oddball-oddball,deviant,104068,-3.001227219328939,1,True,False
815.6064,Oddball-standard,standard,104386,0.05046215449056035,1,False,False
816.7892,Oddball-standard,standard,104537,-2.9306538976925367,1,False,False
817.889,Oddball-standard,standard,104678,-1.0454708734641827,1,False,False
819.2232,Oddball-standard,standard,104849,0.8408149218439576,1,False,False
820.5059,Oddball-standard,standard,105013,-0.46648992940845346,1,False,False
821.7729,Oddball-standard,standard,105175,-1.7005349654937163,1,False,False
822.8908,Oddball-standard,standard,105318,-2.288611756512182,1,False,False
824.3404,Oddball-oddball,deviant,105504,1.398225424281918,1,True,False
826.6403,Oddball-standard,standard,105798,-1.3709674188930876,1,False,False
827.7233,Oddball-standard,standard,105937,1.6874754206810394,1,False,False
829.1795,Oddball-standard,standard,106123,-1.2256873984597405,1,False,False
830.5606,Oddball-oddball,deviant,106300,0.6408189509556905,1,True,False
833.0,Oddball-standard,standard,106612,-0.9877122295165464,1,False,False
834.0227,Oddball-standard,standard,106743,-0.13623012898733577,1,False,False
835.073,Oddball-standard,standard,106877,-3.444637751385926,1,False,False
836.1896,Oddball-standard,standard,107020,-2.732714542503345,1,False,False
837.575,Oddball-standard,standard,107198,2.647161899403727,1,False,False
838.8745,Oddball-standard,standard,107364,0.16659723291923,1,False,False
840.274,Oddball-standard,standard,107543,-0.7401562328368527,1,False,False
841.5907,Oddball-standard,standard,107712,3.019389377755033,1,False,False
842.893,Oddball-standard,standard,107878,-2.2611752888224146,1,False,False
843.9228,Oddball-oddball,deviant,108010,-0.6963230960082001,1,True,False
846.1405,Oddball-standard,standard,108294,0.6007831372016881,1,False,False
847.2076,Oddball-standard,standard,108430,-3.8808843004289884,1,False,False
848.557,Oddball-standard,standard,108603,-1.5678583204135066,1,False,False
849.6064,Oddball-standard,standard,108738,3.837104149511106,1,False,False
850.6732,Oddball-standard,standard,108874,-0.34456328808118997,1,False,False
852.1789,Oddball-standard,standard,109067,1.9358645392912877,1,False,False
853.54,Oddball-standard,standard,109241,0.3622606117232863,1,False,False
854.657,Oddball-standard,standard,109384,0.6741838205925887,1,False,False
855.7233,Oddball-standard,standard,109520,-3.0074836170115304,1,False,False
856.9734,Oddball-standard,standard,109680,-2.9682688377761224,1,False,False
858.1736,Oddball-standard,standard,109834,0.09072538728105428,1,False,False
859.5109,Oddball-oddball,deviant,110005,-1.1229888174284497,1,True,False
861.5741,Oddball-standard,standard,110269,-1.5932844318058415,1,False,False
862.9904,Oddball-standard,standard,110450,-3.6732977126803235,1,False,False
864.4238,Oddball-standard,standard,110634,0.5867992833827884,1,False,False
865.8236,Oddball-standard,standard,110813,-0.619954182411675,1,False,False
866.8908,Oddball-standard,standard,110950,2.611748472418185,1,False,False
867.9402,Oddball-standard,standard,111084,0.20334085002104985,1,False,False
869.0408,Oddball-oddball,deviant,111225,1.2885238742228466,1,True,False
871.5573,Oddball-standard,standard,111547,0.6936936173360664,1,False,False
872.974,Oddball-standard,standard,111728,-1.786319663665381,1,False,False
874.2737,Oddball-standard,standard,111895,3.3464857622220734,1,False,False
875.2904,Oddball-standard,standard,112025,2.384597770401342,1,False,False
876.5567,Oddball-standard,standard,112187,1.8505527343677386,1,False,False
913.4433,Oddball-standard,standard,116908,2.170758813917928,2,False,False
914.4912,Oddball-standard,standard,117042,1.2623511914853225,2,False,False
915.993,Oddball-standard,standard,117234,-0.37059107341974595,2,False,False
917.1093,Oddball-standard,standard,117377,0.6413321356149027,2,False,False
918.4264,Oddball-standard,standard,117545,-3.812492346128238,2,False,False
919.5262,Oddball-oddball,deviant,117686,-1.9273093220135706,2,True,False
922.0256,Oddball-standard,standard,118006,-1.048879763629884,2,False,False
923.2297,Oddball-standard,standard,118160,-1.889885538503222,2,False,False
924.3936,Oddball-standard,standard,118309,-1.597741775412942,2,False,False
925.5414,Oddball-standard,standard,118456,-0.8323381969148613,2,False,False
926.941,Oddball-standard,standard,118635,-1.8390916627595288,2,False,False
928.0424,Oddball-standard,standard,118776,-1.5539086385842893,2,False,False
929.1928,Oddball-standard,standard,118923,-3.3885050601156763,2,False,False
930.4295,Oddball-standard,standard,119082,2.237339626844914,2,False,False
931.8748,Oddball-oddball,deviant,119267,2.4108067151473733,2,True,False
934.609,Oddball-standard,standard,119617,2.8903390447112542,2,False,False
935.7251,Oddball-standard,standard,119759,-3.7111078386260488,2,False,False
936.9259,Oddball-standard,standard,119913,-1.2521136135319466,2,False,False
938.0422,Oddball-standard,standard,120056,-0.24019040461098484,2,False,False
939.4106,Oddball-standard,standard,120231,-1.300424239957465,2,False,False
940.4923,Oddball-standard,standard,120370,3.058018599517709,2,False,False
941.9938,Oddball-standard,standard,120562,1.7250763346510212,2,False,False
943.1917,Oddball-oddball,deviant,120715,-0.7292995327361496,2,True,False
945.8775,Oddball-standard,standard,121059,1.2700122425712834,2,False,False
947.2756,Oddball-standard,standard,121238,1.7632587768048325,2,False,False
948.592,Oddball-standard,standard,121406,-1.9905657048866487,2,False,False
950.0588,Oddball-standard,standard,121594,0.1230116606620868,2,False,False
951.1419,Oddball-standard,standard,121733,3.081454500147629,2,False,False
952.597,Oddball-standard,standard,121919,1.2682916809581002,2,False,False
953.8103,Oddball-standard,standard,122074,-0.9593440016715249,2,False,False
954.9269,Oddball-standard,standard,122217,-0.2474207927889438,2,False,False
956.3094,Oddball-standard,standard,122394,0.21908555686422915,2,False,False
957.6255,Oddball-standard,standard,122562,-3.234738925016245,2,False,False
958.7096,Oddball-oddball,deviant,122701,-1.276296085507056,2,True,False
961.4256,Oddball-standard,standard,123049,1.7764960592785428,2,False,False
962.8117,Oddball-standard,standard,123226,-1.3569975911877918,2,False,False
963.9431,Oddball-standard,standard,123371,0.18166580252909625,2,False,False
965.3427,Oddball-standard,standard,123550,-0.8250876633155713,2,False,False
966.6928,Oddball-oddball,deviant,123723,0.787938316761938,2,True,False
968.9106,Oddball-standard,standard,124007,1.9850445498832414,2,False,False
970.0428,Oddball-standard,standard,124152,2.7237079435735723,2,False,False
971.3453,Oddball-standard,standard,124318,-2.7568567228399843,2,False,False
972.71,Oddball-standard,standard,124493,-0.11709055820574577,2,False,False
974.1941,Oddball-standard,standard,124683,0.3232269921227271,2,False,False
975.4097,Oddball-standard,standard,124839,3.6089614019374494,2,False,False
976.6105,Oddball-standard,standard,124992,-1.7454144654038828,2,False,False
977.9609,Oddball-standard,standard,125165,-0.432388485478441,2,False,False
979.3599,Oddball-standard,standard,125344,-0.8391419511326603,2,False,False
980.4435,Oddball-standard,standard,125483,1.6193008883647053,2,False,False
981.5788,Oddball-standard,standard,125628,-0.742035717962608,2,False,False
983.0104,Oddball-standard,standard,125811,-2.4953088142183333,2,False,False
984.3604,Oddball-standard,standard,125984,-0.7822828342796129,2,False,False
985.4604,Oddball-oddball,deviant,126125,0.9029001898852584,2,True,False
988.343,Oddball-standard,standard,126494,1.4364642746613754,2,False,False
989.7936,Oddball-standard,standard,126679,-3.690068636842625,2,False,False
990.8628,Oddball-standard,standard,126816,-2.458365982192845,2,False,False
992.1939,Oddball-standard,standard,126987,2.5279198131329395,2,False,False
993.6283,Oddball-standard,standard,127170,-2.0253532831020493,2,False,False
995.0945,Oddball-standard,standard,127358,0.6882240824097607,2,False,False
996.5107,Oddball-oddball,deviant,127539,-1.2917891986035102,2,True,False
999.0278,Oddball-standard,standard,127861,-2.486619455339678,2,False,False
1000.2614,Oddball-standard,standard,128019,-1.5741448609105646,2,False,False
1001.461,Oddball-standard,standard,128173,2.0848493641096866,2,False,False
1002.4782,Oddball-standard,standard,128303,0.6229613721870919,2,False,False
1003.944,Oddball-standard,standard,128491,3.7365387379395543,2,False,False
1005.2438,Oddball-standard,standard,128657,0.9559740713029896,2,False,False
1006.4776,Oddball-oddball,deviant,128815,1.6684486657823072,2,True,False
1009.2782,Oddball-standard,standard,129173,-1.745058265669286,2,False,False
1010.2946,Oddball-standard,standard,129303,-2.4069462574516365,2,False,False
1011.694,Oddball-standard,standard,129482,-3.2136997232328213,2,False,False
1012.8272,Oddball-standard,standard,129627,-3.4750363295188436,2,False,False
1013.9616,Oddball-standard,standard,129773,2.876997156477046,2,False,False
1015.3608,Oddball-standard,standard,129952,2.270243690645657,2,False,False
1016.5612,Oddball-oddball,deviant,130105,-2.6841321766823967,2,True,False
1019.2613,Oddball-standard,standard,130451,0.6419197834475199,2,False,False
1020.5293,Oddball-standard,standard,130613,-1.592125252614096,2,False,False
1021.6608,Oddball-standard,standard,130758,-0.15346185887210595,2,False,False
1022.7283,Oddball-standard,standard,130895,2.7782407958056865,2,False,False
1024.2126,Oddball-standard,standard,131085,3.01855834595699,2,False,False
1025.5106,Oddball-standard,standard,131251,2.037993679550709,2,False,False
1026.9282,Oddball-standard,standard,131432,-1.3420196014521935,2,False,False
1028.0613,Oddball-standard,standard,131577,-1.5033562078770046,2,False,False
1029.4108,Oddball-standard,standard,131750,0.709669772277266,2,False,False
1030.5623,Oddball-standard,standard,131897,-2.2249266494327458,2,False,False
1031.895,Oddball-standard,standard,132068,1.161359145953611,2,False,False
1033.2786,Oddball-standard,standard,132245,0.527865495541846,2,False,False
1034.6612,Oddball-standard,standard,132422,0.8943718451064342,2,False,False
1035.9777,Oddball-oddball,deviant,132590,-2.959452636559945,2,True,False
1038.6286,Oddball-standard,standard,132930,2.6863787691127072,2,False,False
1040.0949,Oddball-standard,standard,133117,-2.513413957785815,2,False,False
1041.1457,Oddball-standard,standard,133252,1.4915485123765393,2,False,False
1042.5782,Oddball-standard,standard,133435,-1.1617245838806411,2,False,False
1043.7455,Oddball-standard,standard,133585,3.5437892715890484,2,False,False
1045.0624,Oddball-standard,standard,133753,-0.7100352102042962,2,False,False
1046.2472,Oddball-oddball,deviant,133905,2.122218829981648,2,True,False
1048.7789,Oddball-standard,standard,134229,1.9541287579158961,2,False,False
1049.9121,Oddball-standard,standard,134374,1.6927921517435607,2,False,False
1051.2122,Oddball-standard,standard,134540,-1.3877725148176978,2,False,False
1052.2784,Oddball-standard,standard,134677,2.8439301399885153,2,False,False
1053.6117,Oddball-standard,standard,134847,-2.1831541571373236,2,False,False
1054.6285,Oddball-standard,standard,134977,-3.2450421490466397,2,False,False
1055.9613,Oddball-standard,standard,135148,0.04124364636481914,2,False,False
1057.4465,Oddball-standard,standard,135338,-0.6184388034853328,2,False,False
1058.5454,Oddball-oddball,deviant,135479,2.1667442208581633,2,True,False
1060.7786,Oddball-standard,standard,135765,3.590590638395952,2,False,False
1062.2116,Oddball-standard,standard,135948,0.43731754226428166,2,False,False
1063.3455,Oddball-standard,standard,136093,-0.5240190639597131,2,False,False
1064.4955,Oddball-standard,standard,136240,-1.9586154855915083,2,False,False
1065.7784,Oddball-standard,standard,136404,-3.4659203367937153,2,False,False
1067.2458,Oddball-standard,standard,136592,-1.9523429712080542,2,False,False
1068.7283,Oddball-standard,standard,136782,0.08797457917353313,2,False,False
1069.7455,Oddball-standard,standard,136912,-1.3739134128627484,2,False,False
1071.112,Oddball-standard,standard,137087,-0.5341472481177334,2,False,False
1072.1982,Oddball-standard,standard,137226,-0.6757044086498354,2,False,False
1073.4479,Oddball-standard,standard,137386,-0.23648962928746187,2,False,False
1074.6296,Oddball-oddball,deviant,137537,-2.117605681405621,2,True,False
1077.0284,Oddball-standard,standard,137844,-2.2129873236735875,2,False,False
1078.5143,Oddball-oddball,deviant,138034,-3.5726697735753987,2,True,False
1080.7298,Oddball-standard,standard,138318,-0.07556354034932156,2,False,False
1082.0793,Oddball-standard,standard,138491,2.1374624395775754,2,False,False
1083.2139,Oddball-standard,standard,138636,0.47612583352929505,2,False,False
1084.2459,Oddball-standard,standard,138768,-0.1590219735589926,2,False,False
1085.3301,Oddball-standard,standard,138907,1.6994208658616117,2,False,False
1086.4963,Oddball-standard,standard,139056,-0.308435371152882,2,False,False
1087.9316,Oddball-standard,standard,139240,2.0516616250461084,2,False,False
1089.0637,Oddball-standard,standard,139385,2.890325018825024,2,False,False
1090.1467,Oddball-standard,standard,139523,-1.864602234263657,2,False,False
1091.3483,Oddball-standard,standard,139677,-0.20560800930979894,2,False,False
1092.5147,Oddball-standard,standard,139826,-2.413464246046715,2,False,False
1093.5294,Oddball-oddball,deviant,139956,-1.375352237801053,2,True,False
1095.6641,Oddball-standard,standard,140229,-3.025317020728835,2,False,False
1096.8304,Oddball-standard,standard,140379,2.680196834489834,2,False,False
1097.8464,Oddball-standard,standard,140509,2.418308842834449,2,False,False
1099.0983,Oddball-standard,standard,140669,0.657523621839573,2,False,False
1100.1138,Oddball-standard,standard,140799,0.8956356300586776,2,False,False
1101.2645,Oddball-standard,standard,140946,-1.2389607913974032,2,False,False
1102.7637,Oddball-oddball,deviant,141138,-0.27190305627300404,2,True,False
1104.88,Oddball-standard,standard,141409,0.851391975857041,2,False,False
1106.149,Oddball-standard,standard,141571,-2.3826530600672413,2,False,False
1107.5968,Oddball-standard,standard,141757,3.1041841207297693,2,False,False
1108.6806,Oddball-standard,standard,141895,-2.4507431321580952,2,False,False
1109.7135,Oddball-standard,standard,142028,3.8274791529602226,2,False,False
1110.8801,Oddball-standard,standard,142177,1.4196229162735108,2,False,False
1112.3136,Oddball-standard,standard,142360,-2.233650179960023,2,False,False
1113.5132,Oddball-standard,standard,142514,1.4253440449465415,2,False,False
1114.597,Oddball-standard,standard,142653,3.6837868844941113,2,False,False
1115.7633,Oddball-standard,standard,142802,1.5759306475047197,2,False,False
1116.8798,Oddball-standard,standard,142945,2.3878538565895724,2,False,False
1118.3803,Oddball-standard,standard,143137,2.054911591585551,2,False,False
1119.6995,Oddball-standard,standard,143306,3.3144572023502406,2,False,False
1121.0636,Oddball-standard,standard,143480,-1.259146725260507,2,False,False
1122.1971,Oddball-standard,standard,143625,-1.8204833318122837,2,False,False
1123.4803,Oddball-oddball,deviant,143789,-3.6277881829391845,2,True,False
1124.8471,Oddball-oddball,deviant,143964,-3.0880220181188633,2,True,True
1127.3807,Oddball-standard,standard,144289,2.657258002045637,2,False,False
1128.5308,Oddball-standard,standard,144436,1.122661580438944,2,False,False
1129.9977,Oddball-standard,standard,144624,3.1362389461264684,2,False,False
1131.2307,Oddball-standard,standard,144781,-3.164656551916778,2,False,False
1132.5467,Oddball-standard,standard,144950,1.294889058726767,2,False,False
1133.5969,Oddball-standard,standard,145084,-1.9135185636969254,2,False,False
1134.9471,Oddball-standard,standard,145257,-0.40049258359431406,2,False,False
1136.1159,Oddball-standard,standard,145407,2.8050212720245327,2,False,False
1137.4468,Oddball-standard,standard,145577,0.17793697497836547,2,False,False
1138.5646,Oddball-standard,standard,145720,-0.31013981606520247,2,False,False
1139.9644,Oddball-standard,standard,145899,-1.5168932820870396,2,False,False
1141.2807,Oddball-standard,standard,146068,2.6426523286318115,2,False,False
1142.4802,Oddball-standard,standard,146221,-1.4117235386947868,2,False,False
1143.7977,Oddball-standard,standard,146390,1.5478220718705415,2,False,False
1145.1143,Oddball-standard,standard,146558,-2.406002409998109,2,False,False
1146.3307,Oddball-standard,standard,146714,0.07973199990374269,2,False,False
1147.8142,Oddball-oddball,deviant,146904,1.1200495500816032,2,True,False
1149.9319,Oddball-standard,standard,147175,0.8433445823357033,2,False,False
1150.948,Oddball-standard,standard,147305,0.48145659047804656,2,False,False
1152.0004,Oddball-standard,standard,147440,2.8864190605872864,2,False,False
1153.4144,Oddball-oddball,deviant,147621,3.1064057795902045,2,True,False
1156.2322,Oddball-standard,standard,147981,-1.8803609671067534,2,False,False
1157.7154,Oddball-standard,standard,148171,-0.5400434167768253,2,False,False
1159.1146,Oddball-standard,standard,148350,-1.146796882721901,2,False,False
1160.1478,Oddball-standard,standard,148482,-2.9819446897363378,2,False,False
1161.3641,Oddball-standard,standard,148638,-0.3962102800869616,2,False,False
