marker,peak_uv,onset_burst_s,offset_burst_s,contact,edge_spacing_s,sound_onset_s,sound_onset_from_offset_s
6.2484,994.4782616967531,0.08160610127980941,0.16607416283312154,True,0.08446806155331213,0.07910610127980941,0.06857416283312154
7.2499,749.4560242703798,0.07715915269033018,0.169351973401293,True,0.09219282071096281,0.07465915269033017,0.07185197340129298
8.2509,1098.906489247377,0.07887723444435543,0.1679772549636119,True,0.08910002051925647,0.07637723444435543,0.0704772549636119
9.2502,1129.5022009226461,0.08019047737654468,0.1652138454866486,True,0.08502336811010393,0.07769047737654468,0.0677138454866486
10.2513,1036.0219453384148,0.07477707724308592,0.16598468082418497,True,0.09120760358109904,0.07227707724308592,0.06848468082418496
11.2527,1330.0514754831347,0.07690399607255982,0.17720658841655396,True,0.10030259234399413,0.07440399607255982,0.07970658841655395
12.2536,1414.5358399880263,0.074638467452007,0.1773140410043013,True,0.10267557355229429,0.072138467452007,0.07981404100430128
13.2554,1669.624463204436,0.07323904864707839,0.17498740521507467,True,0.10174835656799627,0.07073904864707839,0.07748740521507466
14.255,1711.0964878329207,0.07298736103433347,0.1736703684062942,True,0.10068300737196074,0.07048736103433347,0.07617036840629421
15.2555,1718.3715688464858,0.07277923661794047,0.1735878182161697,True,0.10080858159822922,0.07027923661794047,0.0760878182161697
16.2568,1328.451244403464,0.06880252511239437,0.17402915651390785,True,0.10522663140151348,0.06630252511239437,0.07652915651390785
17.2568,1365.509051751216,0.06788530520903566,0.17316083328954296,True,0.1052755280805073,0.06538530520903565,0.07566083328954296
18.258,1252.8636192760223,0.07218977977798195,0.1713304467515397,True,0.09914066697355774,0.06968977977798195,0.07383044675153969
19.2592,1473.36047893831,0.06621794773007109,0.1698021144311996,True,0.10358416670112852,0.06371794773007108,0.0723021144311996
20.2611,1591.1430887403128,0.07849361665199996,0.16946137578981704,True,0.09096775913781709,0.07599361665199995,0.07196137578981704
21.2618,1169.8975793227467,0.08482026772354777,0.16751499396380773,True,0.08269472624025996,0.08232026772354777,0.07001499396380773
22.2625,1014.0294811646531,0.08388512169557659,0.16684439988654012,True,0.08295927819096353,0.08138512169557659,0.06934439988654012
23.2631,998.7079324768829,0.07792826745979407,0.16667431655421944,True,0.08874604909442536,0.07542826745979407,0.06917431655421943
24.2633,1089.721423900763,0.07750563948409804,0.16453215515023956,True,0.08702651566614152,0.07500563948409804,0.06703215515023955
25.2647,1103.866266845671,0.07583072975487015,0.1783688275577711,True,0.10253809780290093,0.07333072975487015,0.08086882755777108
26.2647,1183.7316550817227,0.07401600329256987,0.18002329179360435,True,0.10600728850103448,0.07151600329256987,0.08252329179360435
27.2676,1452.60637178257,0.06973124862293635,0.17495655745158561,True,0.10522530882864926,0.06723124862293635,0.07745655745158561
28.2683,1483.8889918319287,0.07271913330169741,0.17256410842349812,True,0.09984497512180071,0.0702191333016974,0.07506410842349812
29.2671,1486.5371496317703,0.06896131807838232,0.17385539862423285,True,0.10489408054585053,0.06646131807838232,0.07635539862423285
30.27,1853.8685618687425,0.0712288393066502,0.17088171554566903,True,0.09965287623901883,0.06872883930665019,0.07338171554566902
31.2699,1621.5162890024744,0.07086340332663679,0.17132381275432376,True,0.10046040942768697,0.06836340332663679,0.07382381275432376
32.2702,1792.4644296432434,0.06804425203645284,0.17073052476042416,True,0.10268627272397132,0.06554425203645284,0.07323052476042416
33.2716,1773.0001077048412,0.07230222478316557,0.1695794381445857,True,0.09727721336142013,0.06980222478316557,0.0720794381445857
34.2718,1643.0033634205538,0.08959780974508415,0.16868500941543574,True,0.07908719967035159,0.08709780974508415,0.07118500941543573
35.2724,1563.7198385326374,0.08324850276989026,0.16761028118968707,True,0.0843617784197968,0.08074850276989026,0.07011028118968707
75.424,1420.9648034944155,0.07201354145410657,0.17263812778623044,True,0.10062458633212387,0.06951354145410657,0.07513812778623044
76.4248,1456.0613335112039,0.07459628677902068,0.172496501897678,True,0.09790021511865733,0.07209628677902068,0.07499650189767801
77.4257,1712.9351164112243,0.07359443892999337,0.17205523248369825,True,0.09846079355370488,0.07109443892999337,0.07455523248369825
78.426,1777.2246657068163,0.07225597060029625,0.17352353204247997,True,0.10126756144218373,0.06975597060029624,0.07602353204247997
79.4264,1671.5818693686722,0.07398618311734798,0.17363353620675584,True,0.09964735308940786,0.07148618311734797,0.07613353620675584
80.4273,1350.9520615999177,0.07100307127545821,0.17667432503401914,True,0.10567125375856093,0.06850307127545821,0.07917432503401914
81.4298,1233.8501988806509,0.07047713390647965,0.17460438263273992,True,0.10412724872626027,0.06797713390647965,0.07710438263273992
82.4306,1204.375458991542,0.06956633439507572,0.17239711574657315,True,0.10283078135149744,0.06706633439507571,0.07489711574657315
83.4305,1525.8161832266992,0.07426656679151207,0.17213325073659427,True,0.0978666839450822,0.07176656679151207,0.07463325073659427
84.4314,1584.4119298706337,0.07357870929392109,0.17158975540425672,True,0.09801104611033563,0.07107870929392109,0.07408975540425672
85.4325,1425.8263067640432,0.06865734482070388,0.17429739030934258,True,0.1056400454886387,0.06615734482070387,0.07679739030934257
86.4333,1382.8399941195264,0.07384252238320778,0.17149141619900912,True,0.09764889381580134,0.07134252238320778,0.07399141619900912
87.4355,1408.755952700269,0.06788201637609943,0.1734232106594229,True,0.10554119428332347,0.06538201637609943,0.0759232106594229
88.4343,1781.5673694247848,0.07373475710405139,0.17172518930088404,True,0.09799043219683265,0.07123475710405139,0.07422518930088404
89.4366,1573.240533964657,0.0717716320692663,0.17131194813966938,True,0.09954031607040308,0.0692716320692663,0.07381194813966938
90.4366,1407.373405040697,0.07209416956796506,0.17151975386040041,True,0.09942558429243535,0.06959416956796506,0.07401975386040041
91.4373,1274.4377412389936,0.06730516401018888,0.1724433478192257,True,0.10513818380903683,0.06480516401018888,0.07494334781922571
92.4375,1347.1832373567772,0.07198255421060877,0.1713600901483787,True,0.09937753593776992,0.06948255421060877,0.07386009014837869
93.4387,1590.7510321098166,0.07093862677767314,0.17126973361681755,True,0.10033110683914441,0.06843862677767314,0.07376973361681755
94.4409,1830.1785422258665,0.0749472917520323,0.17083593292683152,True,0.09588864117479923,0.0724472917520323,0.07333593292683152
95.4412,1704.345083850861,0.0719336409497273,0.17022376957897786,True,0.09829012862925056,0.0694336409497273,0.07272376957897786
96.4413,1897.5374581856813,0.07700840325662513,0.1696478739226444,True,0.09263947066601928,0.07450840325662512,0.0721478739226444
97.4424,1578.5769047350727,0.0863823035430132,0.168213153241505,True,0.08183084969849179,0.0838823035430132,0.07071315324150498
98.4435,1357.224193731223,0.08333104570254647,0.16734199202015695,True,0.08401094631761048,0.08083104570254647,0.06984199202015695
99.4433,1309.2661262545782,0.0839129100778101,0.16716586114327775,True,0.08325295106546765,0.0814129100778101,0.06966586114327775
100.4454,1223.407473184012,0.07854866475422355,0.16363533286350687,True,0.08508666810928332,0.07604866475422355,0.06613533286350687
101.4451,899.3374103272554,0.07680509647192243,0.1711373243172364,True,0.09433222784531398,0.07430509647192243,0.07363732431723641
102.4466,1117.7630100892843,0.07518214587297674,0.1783851279069697,True,0.10320298203399296,0.07268214587297674,0.0808851279069697
103.4476,1147.8071320261301,0.0742856486070271,0.18009627276237314,True,0.10581062415534603,0.0717856486070271,0.08259627276237314
104.4488,1514.7899709483615,0.07230395951211459,0.17592861496326032,True,0.10362465545114573,0.06980395951211459,0.07842861496326031
105.4496,1384.6597315906633,0.07235414365179972,0.1783461728059283,True,0.10599202915412857,0.06985414365179972,0.08084617280592829
106.4506,1726.7694360845364,0.07295438546819989,0.17412704042569013,True,0.10117265495749024,0.07045438546819989,0.07662704042569013
107.4505,1425.0769770887946,0.07128930127862522,0.17666292110602416,True,0.10537361982739894,0.06878930127862522,0.07916292110602416
108.451,1402.5450231393509,0.07130197660767017,0.17627927911881378,True,0.10497730251114361,0.06880197660767016,0.07877927911881377
109.4703,1507.6359488549715,0.07423099659742029,0.17274264488751617,True,0.09851164829009589,0.07173099659742029,0.07524264488751617
110.471,1174.4919574253177,0.07185315237608854,0.17414785470586264,True,0.1022947023297741,0.06935315237608854,0.07664785470586263
111.4714,1194.3649970241224,0.0678379183064108,0.17264116768814566,True,0.10480324938173487,0.0653379183064108,0.07514116768814566
112.4721,1656.2593594037476,0.07089651443882596,0.17149466768210078,True,0.10059815324327483,0.06839651443882595,0.07399466768210078
113.4718,1730.1363606041805,0.07083887106172036,0.17070957136307358,True,0.09987070030135321,0.06833887106172036,0.07320957136307357
114.4742,2167.3358168452537,0.08179317305170852,0.1703195146334483,True,0.08852634158173978,0.07929317305170852,0.0728195146334483
115.4742,2146.472498363999,0.07603585544506024,0.17012842590506586,True,0.09409257046000562,0.07353585544506024,0.07262842590506585
116.4752,1794.2453740461876,0.08186710757912846,0.1683373652997218,True,0.08647025772059333,0.07936710757912846,0.07083736529972179
117.4762,1445.884248796651,0.08407867212061478,0.16713748905672787,True,0.0830588169361131,0.08157867212061477,0.06963748905672787
118.4774,1019.269899530119,0.07787094861206832,0.1673971608180855,True,0.08952621220601718,0.07537094861206832,0.0698971608180855
119.4772,1169.2913004354405,0.07927706072424312,0.16947875128995918,True,0.09020169056571606,0.07677706072424312,0.07197875128995918
120.4779,1334.3262056666294,0.0761461590466913,0.1727582098075486,True,0.09661205076085731,0.07364615904669129,0.0752582098075486
121.4795,1397.8557431456193,0.07350069337237201,0.1769060150239478,True,0.10340532165157577,0.07100069337237201,0.07940601502394778
122.4795,1570.6338327204462,0.07303447680608716,0.17638300663206205,True,0.1033485298259749,0.07053447680608715,0.07888300663206205
123.4815,1716.661163713732,0.072678439831079,0.17259500689677676,True,0.09991656706569776,0.07017843983107899,0.07509500689677676
124.4825,1524.8173570831348,0.07262563946287764,0.1715201117676497,True,0.09889447230477205,0.07012563946287764,0.0740201117676497
125.4842,1450.0722226612008,0.06859791969883962,0.17093561168445992,True,0.1023376919856203,0.06609791969883962,0.07343561168445992
126.4835,1255.3283986670613,0.0719520717181986,0.17142437932838336,True,0.09947230761018476,0.0694520717181986,0.07392437932838336
127.4844,1487.123360556562,0.06975287058409685,0.17065109063247505,True,0.1008982200483782,0.06725287058409685,0.07315109063247505
128.4846,1477.0673003155978,0.06954129069763532,0.17032719924722783,True,0.10078590854959252,0.06704129069763531,0.07282719924722783
129.486,1528.595758506493,0.07666246900605136,0.17014928589768694,True,0.09348681689163557,0.07416246900605136,0.07264928589768693
130.4867,1326.0973469947467,0.07661191713747666,0.16898813407916669,True,0.09237621694169003,0.07411191713747665,0.07148813407916668
131.4892,801.2275112320474,0.07969186608371875,0.16756137838235793,True,0.08786951229863918,0.07719186608371875,0.07006137838235793
132.4894,1021.03030551189,0.0785939049728729,0.16329679892303314,True,0.08470289395016024,0.0760939049728729,0.06579679892303314
133.489,1114.2872706000908,0.07963057358669581,0.16578877187051944,True,0.08615819828382362,0.07713057358669581,0.06828877187051943
134.5082,967.5458637534127,0.07732489757848948,0.16833087767866778,True,0.0910059801001783,0.07482489757848948,0.07083087767866778
135.5096,1045.559067183796,0.07544821509282573,0.17598631141578028,True,0.10053809632295455,0.07294821509282573,0.07848631141578027
136.5084,1023.1701015548902,0.07830007600765904,0.16791971228038843,True,0.0896196362727294,0.07580007600765903,0.07041971228038843
137.5116,1352.595372336285,0.073165485325697,0.17887532122185368,True,0.10570983589615668,0.070665485325697,0.08137532122185367
138.5113,1452.1627361754508,0.07292455974142414,0.1762200891563307,True,0.10329552941490655,0.07042455974142414,0.07872008915633069
139.5119,1497.8208093551002,0.07316883506702467,0.17424213823824822,True,0.10107330317122355,0.07066883506702466,0.07674213823824821
140.514,1414.4974475198305,0.06886765319844217,0.1747356485827036,True,0.10586799538426143,0.06636765319844216,0.0772356485827036
141.514,1403.333782113496,0.06870389250238904,0.17500298907703243,True,0.1062990965746434,0.06620389250238903,0.07750298907703243
142.5147,1330.1300529976318,0.07349913893548134,0.17125230916790113,True,0.09775317023241979,0.07099913893548133,0.07375230916790113
143.5161,1571.6101187912645,0.07161161954804372,0.17223913820245837,True,0.10062751865441465,0.06911161954804372,0.07473913820245837
144.5176,1720.0939600437837,0.07135431423531378,0.17126427499987656,True,0.09990996076456278,0.06885431423531378,0.07376427499987656
145.5173,1158.6661438491876,0.06773912278111086,0.17288066825317983,True,0.10514154547206897,0.06523912278111085,0.07538066825317982
146.5181,1297.8326099265755,0.07292083207074136,0.1715772498641341,True,0.09865641779339275,0.07042083207074136,0.07407724986413411
147.5177,1582.0262510548698,0.07077309790236866,0.17206117697366957,True,0.10128807907130091,0.06827309790236866,0.07456117697366957
148.5187,1396.1866566798158,0.06905642369761339,0.17471221358243602,True,0.10565578988482263,0.06655642369761339,0.07721221358243602
149.521,1856.261825267417,0.07205723420806719,0.17165999208444727,True,0.09960275787638008,0.06955723420806718,0.07415999208444726
150.5213,1682.125707709245,0.07163825461892928,0.17096650459885063,True,0.09932824997992135,0.06913825461892928,0.07346650459885062
151.5228,1590.4311848014852,0.07104743554663592,0.17131941020455257,True,0.10027197465791665,0.06854743554663592,0.07381941020455257
152.5232,1361.885815698817,0.07149580617699469,0.1714676939556301,True,0.09997188777863542,0.06899580617699469,0.0739676939556301
153.5229,1525.8377251521426,0.06906106645652361,0.17198106032764915,True,0.10291999387112553,0.06656106645652361,0.07448106032764915
154.5243,1729.4464302931963,0.07267350989041292,0.17169610315495967,True,0.09902259326454675,0.07017350989041292,0.07419610315495967
155.525,1466.3594435934244,0.06957378218199833,0.17367573553347992,True,0.10410195335148159,0.06707378218199833,0.07617573553347992
156.5259,1306.2037973848444,0.06791059938508992,0.17313518603820044,True,0.10522458665311052,0.06541059938508992,0.07563518603820044
157.5266,1471.684345664893,0.07259356197524125,0.17174191269515554,True,0.09914835071991429,0.07009356197524125,0.07424191269515554
158.528,1386.1322140233165,0.07210678383629666,0.17111361114691426,True,0.09900682731061759,0.06960678383629666,0.07361361114691425
159.5282,1477.7365920622815,0.06789863892641637,0.17212498965927872,True,0.10422635073286235,0.06539863892641637,0.07462498965927872
160.5287,1501.579727792829,0.06991621490059563,0.17379532911066137,True,0.10387911421006574,0.06741621490059563,0.07629532911066136
161.5297,1476.049797319672,0.06946523956755178,0.1738171337422645,True,0.10435189417471273,0.06696523956755178,0.07631713374226451
162.5315,1714.4274514623912,0.07082636284542544,0.17095620850745313,True,0.10012984566202769,0.06832636284542544,0.07345620850745313
163.5323,1395.6382496049296,0.07160617467672416,0.17162366575966675,True,0.1000174910829426,0.06910617467672416,0.07412366575966675
164.5318,1380.2437804557421,0.07313244291332535,0.17190475726603235,True,0.098772314352707,0.07063244291332535,0.07440475726603235
165.5327,1442.7834124237074,0.07321630813508789,0.17169526802850812,True,0.09847895989342023,0.07071630813508789,0.07419526802850812
166.5346,1802.5632944095987,0.07161469053297416,0.17123376810507757,True,0.0996190775721034,0.06911469053297416,0.07373376810507756
167.5356,1637.0867299048248,0.07170389892858275,0.17158440477735654,True,0.09988050584877378,0.06920389892858275,0.07408440477735653
168.5368,1476.4420777282176,0.0668733034869766,0.17134210337036712,True,0.10446879988339051,0.0643733034869766,0.07384210337036712
169.5364,1481.414722714039,0.0718376189469028,0.17146293662051196,True,0.09962531767360916,0.0693376189469028,0.07396293662051195
170.5373,1515.4917160702666,0.07157322855950236,0.17103662000034855,True,0.09946339144084619,0.06907322855950236,0.07353662000034855
171.5379,1374.6378903935647,0.07275580362445314,0.17121810776584417,True,0.09846230414139104,0.07025580362445313,0.07371810776584417
172.539,1743.5683363414466,0.07191588127240213,0.171289103106762,True,0.09937322183435986,0.06941588127240213,0.07378910310676198
173.5412,1782.8353366351278,0.06962864505797832,0.1709020536985497,True,0.10127340864057137,0.06712864505797832,0.07340205369854969
174.5418,1582.609120544683,0.07009926605047073,0.17075145066081251,True,0.10065218461034178,0.06759926605047073,0.07325145066081251
