time,value,condition,sample,sample_error_ms,pressed,correct,rt_from_marker_s,block
239.6602,GnG-low,nogo,30673,-1.0897203917181741,False,True,,0
241.1526,GnG-low,nogo,30864,-1.100709515071685,False,True,,0
243.0621,GnG-low,nogo,31109,3.6086348801518398,False,True,,0
244.7649,GnG-low,nogo,31326,-3.504144047724367,False,True,,0
246.2683,GnG-low,nogo,31519,1.052918752691312,False,True,,0
247.9173,GnG-high,go,31730,0.45806131771541914,True,True,0.3703677921181523,0
249.75,GnG-high,go,31964,-3.8024060195311904,True,True,0.29702588334093677,0
251.5632,GnG-low,nogo,32197,3.572427846449955,False,True,,0
253.0342,GnG-low,nogo,32385,1.3376933584936523,False,True,,0
254.8311,GnG-low,nogo,32615,1.5618652790863052,False,True,,0
256.6234,GnG-low,nogo,32844,-1.5239019299428946,False,True,,0
258.0052,GnG-high,go,33021,-0.07153108930424423,True,True,0.33990862365350116,0
259.7881,GnG-low,nogo,33249,-1.816850907061962,False,True,,0
261.575,GnG-low,nogo,33478,0.7053965644558957,False,True,,0
263.0363,GnG-high,go,33665,0.4544195323887834,True,True,0.4169609582558625,0
264.7481,GnG-low,nogo,33884,-0.23708510275355366,False,True,,0
266.315,GnG-low,nogo,34085,3.336195487065652,False,True,,0
267.9381,GnG-low,nogo,34292,-2.35706503798383,False,True,,0
269.6141,GnG-low,nogo,34507,1.4191830184699938,False,True,,0
271.0821,GnG-low,nogo,34695,2.2694928916848767,False,True,,0
272.7089,GnG-high,go,34903,1.1344681529976697,True,True,0.30713951921420435,0
274.2652,GnG-low,nogo,35102,-0.6394317080662404,False,True,,0
275.8111,GnG-low,nogo,35300,0.44943315776890813,False,True,,0
277.8235,GnG-high,go,35557,-3.561629391299448,True,True,0.35236982333332595,0
279.3049,GnG-low,nogo,35747,-0.46946758527610655,False,True,,0
281.0199,GnG-low,nogo,35967,3.223878432663696,False,True,,0
282.5177,GnG-low,nogo,36158,-2.3789066505059964,False,True,,0
284.3714,GnG-low,nogo,36396,3.5970820499642286,False,True,,0
285.7281,GnG-low,nogo,36569,-1.4511888654737959,False,True,,0
287.6771,GnG-low,nogo,36819,2.9225026672747845,False,True,,0
289.1573,GnG-low,nogo,37008,-0.5436553703361824,False,True,,0
291.0232,GnG-low,nogo,37247,1.2084850419569193,False,True,,0
292.5016,GnG-low,nogo,37436,-0.5543084520809316,False,True,,0
294.2948,GnG-low,nogo,37666,3.1346577194426573,False,True,,0
295.873,GnG-high,go,37868,3.223944214880703,True,True,0.45389741391930116,0
297.607,GnG-low,nogo,38090,3.9022285963596914,False,True,,0
299.4302,GnG-high,go,38323,1.0837238830845308,True,True,0.4072909410671528,0
300.9636,GnG-low,nogo,38519,-0.8064980619906237,False,True,,0
302.7547,GnG-low,nogo,38748,-2.6333722149161076,False,True,,0
304.0641,GnG-low,nogo,38916,0.5131338726300783,False,True,,0
305.8287,GnG-low,nogo,39142,2.1621159812639235,False,True,,0
307.5921,GnG-low,nogo,39367,-3.5932790980837126,False,True,,0
309.1158,GnG-low,nogo,39562,-3.5714831905693245,False,True,,0
310.8876,GnG-high,go,39789,-1.772854984665173,True,True,0.38043222282788275,0
312.3268,GnG-low,nogo,39973,-3.276832566541543,False,True,,0
314.0353,GnG-low,nogo,40192,-0.7328728211177804,False,True,,0
315.6007,GnG-low,nogo,40392,-3.3956097514078465,False,True,,0
317.2577,GnG-low,nogo,40605,3.8497992374004752,False,True,,0
318.7511,GnG-high,go,40796,2.7668134948157785,True,True,0.4156133941026686,0
320.5684,GnG-low,nogo,41028,-1.5092186330321056,False,True,,0
321.9766,GnG-low,nogo,41208,-3.447289671441922,False,True,,0
323.764,GnG-low,nogo,41437,-1.8252147173143385,False,True,,0
325.3307,GnG-low,nogo,41638,2.0450879151212575,False,True,,0
327.0786,GnG-low,nogo,41861,-3.505765277793671,False,True,,0
330.2839,GnG-low,nogo,42272,2.441638566210713,False,True,,0
331.723,GnG-low,nogo,42456,1.0093090804161875,False,True,,0
333.324,GnG-low,nogo,42661,1.7221858657308076,False,True,,0
335.3653,GnG-high,go,42922,-0.1019352590105882,True,True,0.33979118496706334,0
336.7203,GnG-low,nogo,43095,-3.4136180611881173,False,True,,0
338.2258,GnG-low,nogo,43288,-0.6429131752270223,False,True,,0
340.1802,GnG-high,go,43538,-2.1811294984672713,True,True,0.2948660069547027,0
341.8906,GnG-low,nogo,43757,-1.0948186548489502,False,True,,0
343.3458,GnG-high,go,43943,-3.219937371738979,True,True,0.39079710765419073,0
345.1241,GnG-low,nogo,44171,-0.21439367174025392,False,True,,0
346.5576,GnG-low,nogo,44354,-3.899430361229861,False,True,,0
348.3439,GnG-low,nogo,44583,-0.904765409529773,False,True,,0
349.9956,GnG-low,nogo,44794,-3.6057402665505833,False,True,,0
351.5807,GnG-low,nogo,44997,-2.8673491701738385,False,True,,0
353.0391,GnG-low,nogo,45184,-0.17975210181475632,False,True,,0
354.7781,GnG-low,nogo,45407,3.149301275243488,False,True,,0
356.1748,GnG-high,go,45585,-2.778672285103312,True,True,0.3870407981179561,0
357.8429,GnG-low,nogo,45799,1.1124479530053577,False,True,,0
359.7595,GnG-low,nogo,46044,-1.2253783496589676,False,True,,0
361.4658,GnG-low,nogo,46263,3.682168526154328,False,True,,0
362.7998,GnG-high,go,46433,-2.0594263544353453,True,True,0.37872410889975483,0
364.7281,GnG-low,nogo,46680,-0.11335658899724876,False,True,,0
366.1862,GnG-low,nogo,46867,2.96208882002702,False,True,,0
367.7592,GnG-low,nogo,47068,0.10211110969748916,False,True,,0
369.4691,GnG-low,nogo,47287,1.3196669917761028,False,True,,0
371.1662,GnG-low,nogo,47504,-0.28939422224993905,False,True,,0
372.7612,GnG-low,nogo,47708,-1.145590816179265,False,True,,0
374.1705,GnG-low,nogo,47889,3.6623630514327488,False,True,,0
375.8338,GnG-low,nogo,48101,-3.2335764041135917,False,True,,0
377.7154,GnG-low,nogo,48342,-1.8729747234260685,False,True,,0
379.4086,GnG-high,go,48559,0.8535174954431568,True,True,0.3762202676975253,0
380.7256,GnG-low,nogo,48727,-3.930530913066832,False,True,,0
382.5918,GnG-high,go,48966,-2.6532823447382725,True,True,0.4327017856710277,0
384.3436,GnG-low,nogo,49191,3.421065768804965,False,True,,0
386.0086,GnG-low,nogo,49404,3.1110613209648363,False,True,,0
387.7531,GnG-low,nogo,49627,0.6380374851460147,False,True,,0
389.4784,GnG-low,nogo,49848,1.9822444227770575,False,True,,0
391.3389,GnG-high,go,50086,1.3069604489714948,True,True,0.4166863853326343,0
393.062,GnG-low,nogo,50306,-3.035406664025686,False,True,,0
394.6869,GnG-low,nogo,50514,-2.8090071567135055,False,True,,0
396.1632,GnG-low,nogo,50703,-2.3049647762150016,False,True,,0
398.0923,GnG-high,go,50950,-1.5359091446498496,True,True,0.369140235646275,0
399.6292,GnG-low,nogo,51147,0.7653327441516922,False,True,,0
401.0007,GnG-low,nogo,51322,-3.4639585896343306,False,True,,0
403.0142,GnG-low,nogo,51580,-1.0071467790453426,False,True,,0
404.6294,GnG-low,nogo,51787,1.1318041413801438,False,True,,0
406.5121,GnG-high,go,52028,1.4926659859497704,True,True,0.34120502118777324,0
408.2492,GnG-low,nogo,52250,-0.9739018657910492,False,True,,0
409.8948,GnG-low,nogo,52461,2.073816032918785,False,True,,0
411.6539,GnG-low,nogo,52686,0.8173991566309269,False,True,,0
413.1346,GnG-low,nogo,52875,-3.0160801640022328,False,True,,0
414.6745,GnG-low,nogo,53072,-3.299061564518979,False,True,,0
418.1105,GnG-low,nogo,53512,-1.9155981037783931,False,True,,0
420.1407,GnG-low,nogo,53772,-0.63847131610828,False,True,,0
421.747,GnG-low,nogo,53978,2.6455136278968894,False,True,,0
423.3142,GnG-low,nogo,54178,-1.9027438022476417,False,True,,0
425.1804,GnG-high,go,54417,-0.6671766921613198,True,True,0.34892196662869235,0
426.9579,GnG-low,nogo,54645,3.4181111053612767,False,True,,0
428.8175,GnG-low,nogo,54883,3.321134431757855,False,True,,0
430.3878,GnG-low,nogo,55084,3.5148455903595277,False,True,,0
432.0924,GnG-high,go,55302,2.094664401283808,True,True,0.36619071012459364,0
433.7986,GnG-low,nogo,55520,-0.6216547243980131,False,True,,0
435.4122,GnG-low,nogo,55727,3.1571365168474586,False,True,,0
437.2095,GnG-low,nogo,55957,2.836032360335139,False,True,,0
439.0298,GnG-low,nogo,56190,3.354497476038887,False,True,,0
440.5278,GnG-high,go,56381,-2.504216001568693,True,True,0.43736542850652416,0
442.6399,GnG-low,nogo,56652,2.838211055973261,False,True,,0
444.1873,GnG-low,nogo,56850,2.725624469860577,False,True,,0
446.0096,GnG-low,nogo,57083,0.5063026522975633,False,True,,0
447.3533,GnG-high,go,57255,0.7946553403144208,True,True,0.3177636200796773,0
449.1137,GnG-low,nogo,57480,-1.5898207913096485,False,True,,0
450.7303,GnG-low,nogo,57687,-0.5664562675633533,False,True,,0
452.4543,GnG-low,nogo,57908,1.8992982926420154,False,True,,0
453.9815,GnG-low,nogo,58103,-1.7276187483048489,False,True,,0
455.7541,GnG-low,nogo,58330,-0.6740576153561051,False,True,,0
457.2403,GnG-low,nogo,58520,-2.354648715993335,False,True,,0
458.9398,GnG-low,nogo,58738,1.6114657847765557,False,True,,0
460.2844,GnG-high,go,58910,1.0813327139658213,True,True,0.3911647054833647,0
461.964,GnG-low,nogo,59125,1.2176405070363217,False,True,,0
463.3008,GnG-low,nogo,59296,0.718935826625966,False,True,,0
465.171,GnG-low,nogo,59535,-2.4740408968568772,False,True,,0
466.8381,GnG-high,go,59749,2.614785386811036,True,True,0.34132513435336165,0
468.4612,GnG-low,nogo,59956,-3.0409985723167665,False,True,,0
470.1026,GnG-low,nogo,60166,-3.7383346514729965,False,True,,0
471.8208,GnG-low,nogo,60386,-3.034836567678667,False,True,,0
473.6321,GnG-low,nogo,60618,-1.643607026551308,False,True,,0
474.9771,GnG-low,nogo,60790,-2.5624022636634436,False,True,,0
476.4725,GnG-low,nogo,60982,2.189569877202757,False,True,,0
478.1122,GnG-low,nogo,61192,3.174721761354249,False,True,,0
479.7612,GnG-low,nogo,61403,2.7775216230452315,False,True,,0
481.569,GnG-low,nogo,61634,-0.010565254854100203,False,True,,0
483.2506,GnG-high,go,61849,-2.013699908900435,True,True,0.5119590227518465,0
485.0612,GnG-low,nogo,62081,0.20640686500428274,False,True,,0
486.7884,GnG-high,go,62302,0.3143577390574137,True,True,0.32729369358704263,0
488.3388,GnG-low,nogo,62500,-3.531810626100196,False,True,,0
490.3594,GnG-high,go,62759,-0.48325273263571944,True,True,0.3331880620639557,0
491.8677,GnG-low,nogo,62952,-0.7159862118442106,False,True,,0
493.5795,GnG-low,nogo,63171,-1.4908449740573815,False,True,,0
495.153,GnG-low,nogo,63373,3.2835960648753826,False,True,,0
497.0393,GnG-low,nogo,63614,0.11933866005620075,False,True,,0
498.6716,GnG-low,nogo,63823,0.9042982725304682,False,True,,0
500.3066,GnG-low,nogo,64032,-1.2602452662804353,False,True,,0
501.9714,GnG-high,go,64245,-1.8411706747656353,True,True,0.35472716855573455,0
503.4605,GnG-low,nogo,64436,1.5891440426685222,False,True,,0
504.9904,GnG-low,nogo,64632,2.927084346652009,False,True,,0
506.7475,GnG-low,nogo,64857,3.927324925314224,False,True,,0
508.6145,GnG-low,nogo,65095,-3.570574281525296,False,True,,0
510.0284,GnG-high,go,65276,-3.2059576377037047,True,True,0.3524698020450891,0
511.7068,GnG-low,nogo,65491,-1.7706074432339847,False,True,,0
513.3426,GnG-low,nogo,65701,3.264036149630556,False,True,,0
515.1785,GnG-high,go,65936,3.4293813896510983,True,True,0.3339590671167917,0
516.9987,GnG-low,nogo,66169,3.8719941477438624,False,True,,0
518.3438,GnG-low,nogo,66341,2.8248262557326598,False,True,,0
520.0625,GnG-low,nogo,66561,2.7642123168334365,False,True,,0
521.5745,GnG-high,go,66754,-1.2003334825294587,True,True,0.46187393884994266,0
523.567,GnG-high,go,67009,-1.1590902477109921,True,True,0.3650779020965522,0
524.8321,GnG-low,nogo,67171,-0.625624467261332,False,True,,0
526.804,GnG-low,nogo,67423,-3.6072657929935303,False,True,,0
528.5699,GnG-low,nogo,67649,-3.537287467679562,False,True,,0
530.2105,GnG-low,nogo,67859,-3.3849033196702294,False,True,,0
531.894,GnG-low,nogo,68075,0.7615635115598707,False,True,,0
533.4912,GnG-low,nogo,68279,-2.604989520136769,False,True,,0
535.2452,GnG-low,nogo,68504,1.878651009405985,False,True,,0
536.7309,GnG-low,nogo,68694,0.8284027230729407,False,True,,0
538.506,GnG-high,go,68921,-1.090074022272347,True,True,0.3390846071961749,0
540.4886,GnG-low,nogo,69175,1.4187713210276343,False,True,,0
542.0656,GnG-low,nogo,69377,2.189148277352615,False,True,,0
543.4418,GnG-low,nogo,69553,1.4510756888057585,False,True,,0
545.3642,GnG-high,go,69799,0.8248661288234871,True,True,0.3894676436592225,0
546.616,GnG-low,nogo,69959,-0.797798440544284,False,True,,0
548.63,GnG-low,nogo,70217,1.1170156986963775,False,True,,0
550.2202,GnG-low,nogo,70420,-3.0544455987637775,False,True,,0
551.7214,GnG-low,nogo,70613,3.7502240251114927,False,True,,0
553.5175,GnG-low,nogo,70842,-3.041792470071414,False,True,,0
555.012,GnG-low,nogo,71034,2.603721996592867,False,True,,0
556.6204,GnG-low,nogo,71239,-3.715743529255633,False,True,,0
558.5148,GnG-low,nogo,71482,0.09443829628708045,False,True,,0
560.2127,GnG-low,nogo,71699,-2.253047681733733,False,True,,0
561.8388,GnG-low,nogo,71907,-3.1644244468225224,False,True,,0
564.8242,GnG-low,nogo,72290,3.873477256092883,False,True,,0
566.7231,GnG-low,nogo,72533,3.6386396415082345,False,True,,0
568.3591,GnG-low,nogo,72742,0.9890165543993135,False,True,,0
569.9258,GnG-high,go,72942,-3.3057575374186854,True,True,0.444683949417773,0
594.3969,GnG-low,nogo,76074,-2.9573775029803073,False,True,,1
595.9518,GnG-high,go,76273,-3.107520247112916,True,True,0.9244379859936929,1
597.4821,GnG-low,nogo,76469,-1.8295639663392649,False,True,,1
599.2995,GnG-low,nogo,76702,1.491388096042101,False,True,,1
601.0166,GnG-low,nogo,76922,3.1636252268754106,False,True,,1
602.4242,GnG-low,nogo,77102,1.9364557314247577,False,True,,1
604.0679,GnG-low,nogo,77312,-0.9761681776581099,False,True,,1
605.7063,GnG-low,nogo,77522,1.3609681243451632,False,True,,1
607.2731,GnG-high,go,77722,-2.5359695224551615,True,True,0.4041880409055689,1
609.2352,GnG-low,nogo,77973,-3.7323633195001094,False,True,,1
611.0387,GnG-low,nogo,78204,-2.029651916814146,False,True,,1
612.8025,GnG-low,nogo,78430,-0.2472119615504198,False,True,,1
614.3183,GnG-low,nogo,78624,-0.21840694637376146,False,True,,1
615.8186,GnG-low,nogo,78816,-0.4447891564041129,False,True,,1
617.4463,GnG-low,nogo,79024,-2.898719325798993,False,True,,1
619.3058,GnG-high,go,79262,-2.832749478216101,True,True,0.31878690488516453,1
620.8348,GnG-low,nogo,79458,-0.4146805616755955,False,True,,1
622.4779,GnG-low,nogo,79668,-2.365661437693234,False,True,,1
624.1545,GnG-low,nogo,79883,0.8641653736276567,False,True,,1
625.7066,GnG-high,go,80082,3.6903850900671387,True,True,0.39888803156587493,1
627.3979,GnG-low,nogo,80298,-0.3727846379888433,False,True,,1
628.9499,GnG-low,nogo,80497,2.5317460600717823,False,True,,1
630.7402,GnG-low,nogo,80726,1.5192757421118586,False,True,,1
632.4316,GnG-high,go,80942,-2.190880815874152,True,True,0.3131035919874917,1
634.0631,GnG-low,nogo,81151,-0.6965908693246092,False,True,,1
635.6184,GnG-high,go,81350,-1.0978157157524038,True,True,0.34155129528356926,1
637.5367,GnG-low,nogo,81596,2.752910277763476,False,True,,1
639.1635,GnG-low,nogo,81804,1.0443936868114179,False,True,,1
640.9659,GnG-low,nogo,82035,3.6162485877184736,False,True,,1
642.5015,GnG-low,nogo,82231,-0.6564159281197135,False,True,,1
644.1503,GnG-low,nogo,82442,-0.7419255186960072,False,True,,1
645.8007,GnG-low,nogo,82653,-2.658476362057627,False,True,,1
647.3757,GnG-low,nogo,82855,0.6260665873014659,False,True,,1
649.1584,GnG-low,nogo,83083,-0.42292314151382016,False,True,,1
650.598,GnG-high,go,83267,-2.275448119689827,True,True,0.3489833314356481,1
652.4017,GnG-low,nogo,83498,-1.2409461611468942,False,True,,1
654.0458,GnG-low,nogo,83709,3.2184010705123,False,True,,1
655.4474,GnG-high,go,83888,0.3636797528088209,True,True,0.3374411872352884,1
657.2024,GnG-low,nogo,84113,3.4136331906893247,False,True,,1
659.3049,GnG-low,nogo,84382,2.4855946422803754,False,True,,1
660.6101,GnG-low,nogo,84549,2.093611363193304,False,True,,1
662.3589,GnG-low,nogo,84773,3.567865459672248,False,True,,1
664.2135,GnG-low,nogo,85010,0.7395557021254717,False,True,,1
665.8098,GnG-low,nogo,85214,-1.5450627370228176,False,True,,1
667.4662,GnG-low,nogo,85426,-1.5099032071930196,False,True,,1
669.1724,GnG-low,nogo,85645,3.2987714906766996,False,True,,1
670.6302,GnG-low,nogo,85831,-1.0081381627742303,False,True,,1
672.3642,GnG-high,go,86053,-0.6652654446952511,True,True,0.2970771138811706,1
673.974,GnG-low,nogo,86259,-0.7737840186337053,False,True,,1
675.3795,GnG-high,go,86439,0.10527036920393584,True,True,0.36561558484920703,1
677.1875,GnG-low,nogo,86670,-3.0721169896423817,False,True,,1
678.8119,GnG-low,nogo,86878,-2.377039112047896,False,True,,1
680.1476,GnG-low,nogo,87049,-1.85386161660972,False,True,,1
681.8238,GnG-high,go,87264,1.770038752624714,True,True,0.3316795057412295,1
683.4575,GnG-low,nogo,87473,1.1002792348335788,False,True,,1
685.0591,GnG-low,nogo,87678,1.2655070590881223,False,True,,1
687.0049,GnG-low,nogo,87927,1.0626988658941627,False,True,,1
688.6513,GnG-high,go,88138,3.2120303635565506,True,True,0.3448513055892537,1
690.1548,GnG-low,nogo,88330,-0.2316852148851467,False,True,,1
691.6883,GnG-low,nogo,88526,-2.2126909373128,False,True,,1
693.5224,GnG-high,go,88761,-0.12622929182271037,True,True,0.31153694910690743,1
694.9275,GnG-low,nogo,88941,1.0182428429743595,False,True,,1
696.732,GnG-low,nogo,89172,1.3849985152774025,False,True,,1
698.2983,GnG-low,nogo,89372,-2.1215178472857588,False,True,,1
699.8924,GnG-low,nogo,89576,-2.060076355746787,False,True,,1
701.6914,GnG-low,nogo,89807,3.467281999860461,False,True,,1
703.5474,GnG-high,go,90044,-0.3778995784387007,True,True,0.3219839508494525,1
704.874,GnG-low,nogo,90214,0.9177249264666898,False,True,,1
706.7916,GnG-low,nogo,90459,-2.1899236339777417,False,True,,1
708.3546,GnG-low,nogo,90659,-2.758531461381608,False,True,,1
710.2279,GnG-high,go,90899,-0.5722084334820465,True,True,0.3240472418094817,1
711.8332,GnG-low,nogo,91105,3.534270764248504,False,True,,1
713.5675,GnG-low,nogo,91326,-3.8184242683882985,False,True,,1
715.0873,GnG-low,nogo,91521,-0.1506447596284488,False,True,,1
716.8216,GnG-low,nogo,91743,0.23682243340772402,False,True,,1
718.609,GnG-low,nogo,91972,1.933941992660948,False,True,,1
720.1395,GnG-low,nogo,92168,2.8235520196631114,False,True,,1
721.7586,GnG-high,go,92375,1.1099287959268622,True,True,0.2683848334416935,1
723.6336,GnG-low,nogo,92615,1.3718443234438382,False,True,,1
725.0891,GnG-low,nogo,92801,-0.932792393427917,False,True,,1
726.906,GnG-low,nogo,93034,2.7094542047052528,False,True,,1
728.4818,GnG-low,nogo,93235,-2.4902958161874267,False,True,,1
730.2885,GnG-low,nogo,93467,3.4731562724346077,False,True,,1
731.718,GnG-high,go,93650,3.7423959519173877,True,True,0.30073328060925875,1
733.4012,GnG-low,nogo,93865,0.4949852229856333,False,True,,1
735.172,GnG-high,go,94092,3.5657233006531897,True,True,0.42462523955743614,1
737.2032,GnG-low,nogo,94352,3.4329154185570587,False,True,,1
738.9214,GnG-low,nogo,94571,-3.4872273761266115,False,True,,1
740.4949,GnG-low,nogo,94773,1.211567888844911,False,True,,1
742.3706,GnG-low,nogo,95013,0.7517114229358413,False,True,,1
743.9231,GnG-low,nogo,95212,3.3518408745294437,False,True,,1
745.6709,GnG-low,nogo,95435,-2.0772450105823737,False,True,,1
747.29,GnG-high,go,95643,3.8709187147105695,True,True,0.3884176390048874,1
749.0079,GnG-high,go,95862,-2.8289172945505925,True,True,0.3873211606967357,1
750.9868,GnG-low,nogo,96116,2.7485276356173927,False,True,,1
752.4069,GnG-low,nogo,96297,-3.1670257139921887,False,True,,1
754.1227,GnG-low,nogo,96517,-0.06764672446024633,False,True,,1
755.8117,GnG-low,nogo,96733,-1.1896862213234272,False,True,,1
757.5661,GnG-low,nogo,96958,2.277633782796329,False,True,,1
759.4641,GnG-low,nogo,97201,3.0104370208619002,False,True,,1
761.0739,GnG-low,nogo,97407,2.6714882291116737,False,True,,1
762.484,GnG-high,go,97587,-1.003356741080097,True,True,0.3836275861943266,1
764.237,GnG-low,nogo,97811,-3.8375594075432673,False,True,,1
765.9247,GnG-low,nogo,98027,-3.783180171467393,False,True,,1
767.3171,GnG-high,go,98206,2.388676206692253,True,True,0.34369109211856497,1
769.0597,GnG-low,nogo,98429,2.152562648689127,False,True,,1
770.556,GnG-low,nogo,98620,-1.7239664043700031,False,True,,1
772.2373,GnG-low,nogo,98835,-3.250816363333797,False,True,,1
773.7915,GnG-low,nogo,99034,-2.563201626571754,False,True,,1
775.2909,GnG-low,nogo,99226,-1.7636143966228701,False,True,,1
777.1033,GnG-low,nogo,99458,-1.2280506027764204,False,True,,1
778.6847,GnG-low,nogo,99661,3.3133959348106146,False,True,,1
780.1598,GnG-low,nogo,99849,-2.8893791082964526,False,True,,1
782.0279,GnG-high,go,100088,-3.740163853763079,True,True,0.2814469043939721,1
783.6609,GnG-low,nogo,100297,-3.453778376865557,False,True,,1
785.1917,GnG-low,nogo,100493,-2.903041259401107,False,True,,1
786.8815,GnG-low,nogo,100710,2.687996183794894,False,True,,1
788.4203,GnG-high,go,100907,3.058917585576637,True,True,0.3687037690743143,1
789.9143,GnG-low,nogo,101098,1.4152393017639042,False,True,,1
791.8889,GnG-low,nogo,101351,3.751988455292121,False,True,,1
793.3552,GnG-low,nogo,101538,-1.562546773129725,False,True,,1
795.117,GnG-low,nogo,101764,2.438951864178307,False,True,,1
796.4633,GnG-low,nogo,101936,0.15211938023185212,False,True,,1
798.0541,GnG-low,nogo,102140,3.3039583153140484,False,True,,1
799.6555,GnG-low,nogo,102345,3.542320796327658,False,True,,1
801.4651,GnG-low,nogo,102576,-1.2177969607591876,False,True,,1
803.2112,GnG-high,go,102800,2.8857323538886703,True,True,0.36237110104182985,1
804.74,GnG-high,go,102995,-2.2587585647215747,True,True,0.36885111169482093,1
806.4012,GnG-low,nogo,103208,1.1289687174667051,False,True,,1
807.8808,GnG-low,nogo,103397,-1.539779813469977,False,True,,1
809.8773,GnG-high,go,103653,1.7843251044951103,True,True,0.42326418103042085,1
811.494,GnG-low,nogo,103860,2.4467863610198037,False,True,,1
813.3084,GnG-low,nogo,104092,0.5639215904693629,False,True,,1
815.0,GnG-low,nogo,104308,-3.3803691039793193,False,True,,1
817.0735,GnG-low,nogo,104574,1.5234768784466723,False,True,,1
818.5205,GnG-low,nogo,104759,0.06973407164423406,False,True,,1
820.0893,GnG-low,nogo,104960,1.6425468417082811,False,True,,1
821.6572,GnG-low,nogo,105160,-3.5738411373813506,False,True,,1
823.5654,GnG-high,go,105405,2.5427791620131757,True,True,0.34920995451219994,1
825.1965,GnG-low,nogo,105613,-3.4292946311325068,False,True,,1
826.7144,GnG-low,nogo,105808,2.3801352916734686,False,True,,1
828.3928,GnG-low,nogo,106022,-3.7990102122194003,False,True,,1
830.1049,GnG-low,nogo,106242,2.8404667739323486,False,True,,1
831.6767,GnG-low,nogo,106443,1.5437883957929444,False,True,,1
833.5493,GnG-low,nogo,106682,-3.2523920975791043,False,True,,1
835.0266,GnG-high,go,106871,-3.7233942883858617,True,True,0.36249849589058747,1
836.7864,GnG-low,nogo,107097,1.7077731727113132,False,True,,1
838.6883,GnG-low,nogo,107340,-1.1056875430313085,False,True,,1
840.0197,GnG-low,nogo,107511,3.1361018235429583,False,True,,1
841.6703,GnG-high,go,107722,1.4544192215453222,True,True,0.31159073166629053,1
843.5156,GnG-low,nogo,107958,0.08745358968553774,False,True,,1
845.2587,GnG-low,nogo,108181,-0.6031980680063498,False,True,,1
846.5608,GnG-low,nogo,108348,2.032696305150239,False,True,,1
848.4022,GnG-high,go,108583,-3.278504638274171,True,True,0.33001364270442485,1
850.1755,GnG-low,nogo,108810,-3.0684024266065535,False,True,,1
852.0148,GnG-low,nogo,109046,1.6621574803821204,False,True,,1
853.6023,GnG-high,go,109249,0.2155076931558142,True,True,0.395511424493092,1
855.1165,GnG-low,nogo,109443,1.8194070181607458,False,True,,1
857.0187,GnG-low,nogo,109686,-1.0531370493254144,False,True,,1
858.7196,GnG-low,nogo,109904,0.7583166410540798,False,True,,1
860.2592,GnG-low,nogo,110101,0.3076670986956742,False,True,,1
862.1035,GnG-high,go,110337,0.06380147272011527,True,True,0.33289210450950935,1
863.576,GnG-low,nogo,110525,-3.568930637811718,False,True,,1
865.1555,GnG-high,go,110728,3.6331777163240986,True,True,0.3865673653705622,1
866.7387,GnG-low,nogo,110930,-1.9062860939129678,False,True,,1
868.4631,GnG-low,nogo,111151,0.45934807792491483,False,True,,1
870.3841,GnG-low,nogo,111397,1.6285882404645236,False,True,,1
871.6872,GnG-low,nogo,111564,3.414655119172494,False,True,,1
873.2525,GnG-low,nogo,111764,1.1656274168672098,False,True,,1
874.9816,GnG-low,nogo,111985,-1.6458435865160936,False,True,,1
876.6165,GnG-low,nogo,112194,-3.5546958059740064,False,True,,1
878.2641,GnG-low,nogo,112405,-2.4385831198969754,False,True,,1
879.688,GnG-low,nogo,112588,3.47213350516995,False,True,,1
881.5144,GnG-low,nogo,112821,-2.4685713433427736,False,True,,1
883.1349,GnG-low,nogo,113029,2.1059246546428767,False,True,,1
884.8354,GnG-low,nogo,113246,-2.7871848325276005,False,True,,1
886.5732,GnG-low,nogo,113469,1.7878194182685547,False,True,,1
888.1578,GnG-high,go,113672,3.3082734889831045,True,True,0.33358243592624454,1
889.6795,GnG-low,nogo,113866,-2.5430799303194362,False,True,,1
891.1747,GnG-high,go,114058,2.457758531363652,True,True,0.3097737828623626,1
892.9871,GnG-low,nogo,114290,2.673358742185883,False,True,,1
894.3596,GnG-low,nogo,114465,-2.359761190973586,False,True,,1
896.4084,GnG-low,nogo,114728,3.62919659551153,False,True,,1
898.0833,GnG-high,go,114942,0.7642430703072023,True,True,0.3994638077457076,1
899.7588,GnG-low,nogo,115156,-2.5496206257002996,False,True,,1
901.436,GnG-low,nogo,115371,-0.017416763853361772,False,True,,1
903.3055,GnG-low,nogo,115610,-1.4969562013220639,False,True,,1
904.9432,GnG-low,nogo,115820,1.0517838032910731,False,True,,1
906.7049,GnG-low,nogo,116045,-2.7677873033553624,False,True,,1
908.1126,GnG-high,go,116225,-3.9036998419987867,True,True,0.33762552027293247,1
909.8602,GnG-high,go,116449,-1.1938495780441372,True,True,0.2825602602775891,1
911.414,GnG-low,nogo,116648,0.42693970749496657,False,True,,1
913.1155,GnG-low,nogo,116866,1.54030816327122,False,True,,1
914.9612,GnG-low,nogo,117102,-0.15526233823948132,False,True,,1
916.385,GnG-high,go,117284,-1.9311005796680547,True,True,0.3682166510999704,1
917.9084,GnG-low,nogo,117479,-1.8133844275780575,False,True,,1
919.7872,GnG-low,nogo,117720,2.435999972249192,False,True,,1
921.5218,GnG-low,nogo,117942,2.5099489016611187,False,True,,1
922.9019,GnG-low,nogo,118118,-2.4560082266589234,False,True,,1
924.5251,GnG-low,nogo,118326,-0.37211761912203656,False,True,,1
