time,value,condition,sample,sample_error_ms,pressed,correct,rt_from_marker_s,block,responding
280.0273,GnG-low,nogo,35862,0.7397388414460693,False,True,,0,True
281.7297,GnG-low,nogo,36080,0.5903847448962551,False,True,,0,True
283.3348,GnG-low,nogo,36285,-3.7693289808657937,False,True,,0,True
285.1347,GnG-low,nogo,36516,0.09167652257247028,False,True,,0,True
286.7186,GnG-low,nogo,36719,1.3149843945825523,False,True,,0,True
288.4359,GnG-low,nogo,36939,1.8826087002139502,False,True,,0,True
290.2103,GnG-low,nogo,37166,0.009657399175466708,False,True,,0,True
293.5639,GnG-low,nogo,37595,-3.7484752164118618,False,True,,0,True
295.4732,GnG-high,go,37840,0.03137911733119836,True,True,0.5511312264864459,0,True
297.1117,GnG-low,nogo,38050,1.3141113972210405,False,True,,0,True
299.0427,GnG-low,nogo,38297,-0.9890558667962068,False,True,,0,True
300.7271,GnG-low,nogo,38513,1.2446116198248092,False,True,,0,True
302.1627,GnG-low,nogo,38697,2.406624670470592,False,True,,0,True
304.0655,GnG-low,nogo,38940,-2.9304993980190375,False,True,,0,True
305.5943,GnG-high,go,39136,-1.266615933900539,True,True,0.42148704667634695,0,True
307.1516,GnG-low,nogo,39336,3.1312243347088042,False,True,,0,True
308.8466,GnG-low,nogo,39553,2.5733810369388266,False,True,,0,True
310.3857,GnG-high,go,39750,1.7457537022096403,True,True,0.6708232769414157,0,True
312.1686,GnG-low,nogo,39978,-0.818708397730461,False,True,,0,True
313.8457,GnG-low,nogo,40193,0.906469887752337,False,True,,0,True
315.5928,GnG-low,nogo,40417,2.908050997916689,False,True,,0,True
318.4883,GnG-low,nogo,40787,-3.4509444985815207,False,True,,0,True
320.3672,GnG-low,nogo,41028,-0.5050469839034122,False,True,,0,True
322.1371,GnG-low,nogo,41255,2.122001729674139,False,True,,0,True
323.6349,GnG-low,nogo,41447,3.5519283892426756,False,True,,0,True
325.4398,GnG-low,nogo,41678,2.4129339072942457,False,True,,0,True
327.0088,GnG-high,go,41879,2.919263377009429,True,True,0.47408645067952543,0,True
328.8183,GnG-low,nogo,42110,-2.8197311195299335,False,True,,0,True
330.2378,GnG-low,nogo,42292,-1.1746964711392138,False,True,,0,True
331.8057,GnG-low,nogo,42493,0.4316329985840639,False,True,,0,True
333.5841,GnG-high,go,42721,2.367170913259997,True,True,0.4671561025750044,0,True
335.4198,GnG-low,nogo,42956,1.6621332212025663,False,True,,0,True
336.9294,GnG-high,go,43149,-0.8994509180411114,True,True,0.47597756303731803,0,True
338.7382,GnG-low,nogo,43381,1.8700438010910148,False,True,,0,True
340.1896,GnG-low,nogo,43567,2.8490352539733976,False,True,,0,True
342.1572,GnG-low,nogo,43819,2.988313995615499,False,True,,0,True
343.5147,GnG-low,nogo,43992,-3.643054180713534,False,True,,0,True
345.2694,GnG-low,nogo,44217,-1.4329838694493446,False,True,,0,True
346.7646,GnG-low,nogo,44409,2.596942790205503,False,True,,0,True
348.5038,GnG-low,nogo,44631,-3.118454516481961,False,True,,0,True
350.1385,GnG-low,nogo,44841,1.964277777915413,False,True,,0,True
351.6032,GnG-low,nogo,45028,-2.548241568092635,False,True,,0,True
353.4364,GnG-low,nogo,45263,-0.7532792600954963,False,True,,0,True
354.8937,GnG-low,nogo,45450,2.134201393857893,False,True,,0,True
356.5068,GnG-high,go,45656,-2.4170231307607537,True,True,0.44991239962950147,0,True
358.4751,GnG-low,nogo,45908,-2.977744389113468,False,True,,0,True
360.0733,GnG-high,go,46113,-0.43745811490225606,True,True,0.48371771598300395,0,True
361.6682,GnG-low,nogo,46317,-2.405661027239603,False,True,,0,True
363.3001,GnG-low,nogo,46526,-2.3314179484827946,False,True,,0,True
364.9294,GnG-low,nogo,46735,0.34282513024663785,False,True,,0,True
366.8603,GnG-low,nogo,46982,-1.8603421337388681,False,True,,0,True
368.5921,GnG-high,go,47204,-0.17573944040805145,True,True,0.4710497231533262,0,True
370.1048,GnG-low,nogo,47398,1.971165621455384,False,True,,0,True
372.0166,GnG-low,nogo,47643,3.2510199552575614,False,True,,0,True
373.6518,GnG-high,go,47852,0.025263033990086114,True,True,0.4742003942754477,0,True
375.35,GnG-low,nogo,48069,-3.7325802637724337,False,True,,0,True
377.1877,GnG-low,nogo,48305,1.3708712453421867,False,True,,0,True
378.6933,GnG-low,nogo,48498,2.809287106060765,False,True,,0,True
380.6302,GnG-low,nogo,48746,2.414609043228211,False,True,,0,True
382.1254,GnG-low,nogo,48937,-1.3639534982985424,False,True,,0,True
383.8398,GnG-low,nogo,49157,2.1036708073438604,False,True,,0,True
385.4816,GnG-low,nogo,49367,0.08640308720941903,False,True,,0,True
387.1687,GnG-low,nogo,49583,-0.37992942617393055,False,True,,0,True
388.7957,GnG-low,nogo,49791,-3.2141755340262534,False,True,,0,True
390.4361,GnG-low,nogo,50001,-3.831443254171063,False,True,,0,True
392.2486,GnG-high,go,50234,3.0465406515531868,True,True,0.48665732634750924,0,True
393.9315,GnG-high,go,50449,-1.0282810484341098,True,True,0.8111348653941761,0,True
395.4943,GnG-low,nogo,50649,-2.1304407798083957,False,True,,0,True
397.263,GnG-low,nogo,50876,1.6966079192002326,False,True,,0,True
399.1611,GnG-high,go,51119,1.0594838507245186,True,True,0.5041396620259724,0,True
400.7792,GnG-low,nogo,51326,-0.6832514728216665,False,True,,0,True
402.5995,GnG-high,go,51559,-1.6052675525202176,True,True,0.48663449500881223,0,True
404.0169,GnG-low,nogo,51741,2.1397670957981063,False,True,,0,True
405.697,GnG-low,nogo,51956,0.8649453812950014,False,True,,0,True
407.1919,GnG-low,nogo,52147,-2.613617160193371,False,True,,0,True
409.1509,GnG-low,nogo,52398,-1.6828276196747538,False,True,,0,True
410.8371,GnG-low,nogo,52614,-1.2491601331134916,False,True,,0,True
412.5056,GnG-low,nogo,52828,1.2675289657977373,False,True,,0,True
414.0185,GnG-low,nogo,53022,3.2144340276545336,False,True,,0,True
415.8604,GnG-high,go,53257,-3.6906036643813422,True,True,0.47814448651286673,0,True
417.5056,GnG-low,nogo,53468,-1.2993821688382923,False,True,,0,True
419.2815,GnG-low,nogo,53696,3.136155731283452,False,True,,0,True
420.8612,GnG-high,go,53898,0.7509744021376719,True,True,0.472362065951001,0,True
422.4061,GnG-low,nogo,54096,1.9318362685112334,False,True,,0,True
424.3418,GnG-low,nogo,54344,2.7371582056616717,False,True,,0,True
425.8513,GnG-low,nogo,54537,0.27557406639289184,False,True,,0,True
427.5979,GnG-low,nogo,54761,2.7771551765454205,False,True,,0,True
429.2437,GnG-low,nogo,54971,-3.24011254360812,False,True,,0,True
430.8435,GnG-low,nogo,55176,-2.2998262693931792,False,True,,0,True
432.3019,GnG-low,nogo,55363,-0.5123456153910411,False,True,,0,True
434.0783,GnG-low,nogo,55591,3.4231922992375985,False,True,,0,True
435.3675,GnG-low,nogo,55756,2.6239105139325147,False,True,,0,True
437.138,GnG-high,go,55982,-3.1575299736346096,True,True,0.4868693668221145,0,True
439.0343,GnG-high,go,56225,-1.9946540421074133,True,True,0.5981375280375398,0,True
440.635,GnG-low,nogo,56430,-1.9543677678939275,False,True,,0,True
442.4988,GnG-low,nogo,56669,0.47455134455276493,False,True,,0,True
444.1295,GnG-low,nogo,56878,1.7487944378444809,False,True,,0,True
446.0141,GnG-low,nogo,57119,-1.0053080474108356,False,True,,0,True
447.5576,GnG-low,nogo,57317,1.575553833504273,False,True,,0,True
449.046,GnG-low,nogo,57507,-3.21149792370079,False,True,,0,True
450.8537,GnG-high,go,57739,0.6579967954394306,True,True,0.5215041525580033,0,True
452.5375,GnG-low,nogo,57955,3.491664282023521,False,True,,0,True
454.2681,GnG-low,nogo,58176,-1.4322222111786687,False,True,,0,True
455.8928,GnG-low,nogo,58384,-1.9664683335918198,False,True,,0,True
457.4513,GnG-low,nogo,58584,1.231371935034531,False,True,,0,True
459.2869,GnG-low,nogo,58819,0.6263342575607567,False,True,,0,True
461.0654,GnG-high,go,59047,2.4618721576530334,True,True,0.48003439241693974,0,True
462.5351,GnG-low,nogo,59235,0.7578420127742902,False,True,,0,True
464.2103,GnG-high,go,59449,-3.425468888337946,True,True,0.5732687473597089,0,True
465.9252,GnG-low,nogo,59669,-0.45784459723563486,False,True,,0,True
467.5907,GnG-low,nogo,59882,-2.749644714015176,False,True,,0,True
469.2073,GnG-low,nogo,60089,-2.992380022931229,False,True,,0,True
470.5087,GnG-low,nogo,60256,-0.37468340599389194,False,True,,0,True
472.1687,GnG-low,nogo,60469,2.833516477210196,False,True,,0,True
473.7491,GnG-low,nogo,60671,-0.25166483737848466,False,True,,0,True
475.4339,GnG-low,nogo,60887,1.5820026492292527,False,True,,0,True
477.1846,GnG-high,go,61111,-0.016416255164131144,True,True,0.4931625920927593,0,True
478.7418,GnG-low,nogo,61310,-3.3270651731527323,False,True,,0,True
480.3261,GnG-low,nogo,61513,-2.503757301155929,False,True,,0,True
481.8296,GnG-low,nogo,61706,1.034658559547097,False,True,,0,True
483.513,GnG-low,nogo,61921,-3.540163154923448,False,True,,0,True
486.6651,GnG-low,nogo,62325,-1.010525813228469,False,True,,0,True
488.2373,GnG-low,nogo,62526,-3.704196343505828,False,True,,0,True
489.6893,GnG-low,nogo,62712,-3.325204890643363,False,True,,0,True
491.3739,GnG-high,go,62928,-1.291537389477071,True,True,0.47904841039855783,0,True
493.2334,GnG-low,nogo,63166,-2.3711074781544994,False,True,,0,True
494.8251,GnG-low,nogo,63370,-1.139310390499304,False,True,,0,True
496.4601,GnG-low,nogo,63580,3.6434218893646175,False,True,,0,True
498.2832,GnG-low,nogo,63813,-0.07859420492195568,False,True,,0,True
499.8704,GnG-low,nogo,64016,-2.155286318384242,False,True,,0,True
501.5235,GnG-high,go,64228,0.14442436372519296,True,True,0.4781523605188579,0,True
503.4819,GnG-low,nogo,64479,1.6752139042637282,False,True,,0,True
505.0092,GnG-low,nogo,64674,-2.969391832778001,False,True,,0,True
506.5178,GnG-low,nogo,64868,3.2775132290794318,False,True,,0,True
508.3689,GnG-low,nogo,65105,2.7894539538806384,False,True,,0,True
509.8831,GnG-high,go,65299,3.436359015722701,True,True,0.4663043869383854,0,True
511.5932,GnG-low,nogo,65518,3.3954941056890675,False,True,,0,True
513.0217,GnG-low,nogo,65701,3.849017955189993,False,True,,0,True
515.0365,GnG-high,go,65959,3.6392319035485343,True,True,0.513250764652991,0,True
516.4674,GnG-low,nogo,66142,1.6927557530834747,False,True,,0,True
518.0093,GnG-low,nogo,66339,-1.934871581738662,False,True,,0,True
519.6171,GnG-low,nogo,66545,-1.1860961063803188,False,True,,0,True
521.3381,GnG-low,nogo,66766,3.4900173858432026,False,True,,0,True
523.0113,GnG-low,nogo,66980,1.3067064847973597,False,True,,0,True
524.6248,GnG-high,go,67186,-3.644518039891409,True,True,0.5081766415480057,0,True
526.2447,GnG-low,nogo,67394,0.6212358377979399,False,True,,0,True
528.1062,GnG-low,nogo,67632,-2.4583342362802796,False,True,,0,True
529.7397,GnG-low,nogo,67842,3.8243980435481717,False,True,,0,True
531.3605,GnG-high,go,68049,-0.618337280002379,True,True,0.9485541631666525,0,True
532.9607,GnG-low,nogo,68254,-0.07805100574387325,False,True,,0,True
534.9222,GnG-low,nogo,68505,-1.6472614652229822,False,True,,0,True
536.4816,GnG-low,nogo,68705,0.6505788034019133,False,True,,0,True
537.9998,GnG-low,nogo,68899,-2.702516134831967,False,True,,0,True
539.8782,GnG-low,nogo,69140,0.7433813944999201,False,True,,0,True
541.3224,GnG-low,nogo,69325,1.1138836462123436,False,True,,0,True
543.0372,GnG-low,nogo,69544,-3.6269812637783616,False,True,,0,True
544.3674,GnG-high,go,69715,1.4246721722201983,True,True,0.41206007100086317,0,True
546.265,GnG-high,go,69958,1.2875481037326608,True,True,0.42841908271117257,0,True
547.8601,GnG-low,nogo,70162,-0.8806548231632405,False,True,,0,True
549.3621,GnG-low,nogo,70354,-3.6507281636204425,False,True,,0,True
552.6174,GnG-low,nogo,70771,-2.810731192653293,False,True,,0,True
554.4088,GnG-low,nogo,71001,1.7417851096297454,False,True,,0,True
555.9369,GnG-low,nogo,71196,-3.7028206273816977,False,True,,0,True
557.5223,GnG-low,nogo,71400,3.828976445788612,False,True,,0,True
559.3147,GnG-low,nogo,71629,-0.42699643847754487,False,True,,0,True
560.9935,GnG-low,nogo,71844,-0.40181815302275936,False,True,,0,True
562.6993,GnG-low,nogo,72063,3.8573169515530026,False,True,,0,True
564.35,GnG-low,nogo,72274,0.7485384325036648,False,True,,0,True
565.9629,GnG-high,go,72480,-3.6026860921083426,True,True,0.4826416602466239,0,True
567.3948,GnG-high,go,72664,1.2593269584613154,True,True,0.5400957851218294,0,True
569.0853,GnG-low,nogo,72880,-2.6070055548643722,False,True,,0,True
570.5746,GnG-low,nogo,73071,-0.48556809645106114,False,True,,0,True
572.1691,GnG-low,nogo,73275,-2.053771023270201,False,True,,0,True
573.8984,GnG-low,nogo,73497,2.1308316845534137,False,True,,0,True
575.5094,GnG-low,nogo,73703,-0.3203928400807854,False,True,,0,True
577.056,GnG-low,nogo,73901,-0.8395309737352363,False,True,,0,True
578.9514,GnG-low,nogo,74144,1.2233449577934152,False,True,,0,True
580.5352,GnG-high,go,74347,2.5466528297783952,True,True,0.5780684405474176,0,True
582.1445,GnG-low,nogo,74553,1.7954283051722086,False,True,,0,True
583.8451,GnG-high,go,74771,3.4460742085684615,True,True,0.5534855453606813,0,True
585.3761,GnG-low,nogo,74967,2.9099576727276144,False,True,,0,True
586.9435,GnG-low,nogo,75167,-2.792202058685689,False,True,,0,True
588.6092,GnG-low,nogo,75381,2.5244870256528884,False,True,,0,True
590.3155,GnG-low,nogo,75599,-1.5248670709979706,False,True,,0,True
591.9668,GnG-low,nogo,75811,2.5748436111143747,False,True,,0,True
593.6573,GnG-low,nogo,76027,-1.291488902211313,False,True,,0,True
595.458,GnG-low,nogo,76258,1.7695166158091524,False,True,,0,True
597.0021,GnG-high,go,76456,3.7503784820955843,True,True,0.44958102779657527,0,True
598.5748,GnG-low,nogo,76657,0.5567079518868923,False,True,,0,True
600.1699,GnG-high,go,76861,-1.611494975009009,True,True,0.47911896294877687,0,True
601.7393,GnG-low,nogo,77062,-1.505165505250261,False,True,,0,True
603.5706,GnG-low,nogo,77297,2.189796817219758,False,True,,0,True
605.1661,GnG-low,nogo,77501,-0.378406109689422,False,True,,0,True
606.9654,GnG-low,nogo,77731,-3.7258897928040824,False,True,,0,True
608.6659,GnG-low,nogo,77949,-1.97524390387116,False,True,,0,True
610.1739,GnG-low,nogo,78142,-2.93682804317541,False,True,,0,True
634.0976,GnG-low,nogo,81206,-1.4259150984798907,False,True,,1,True
635.8243,GnG-low,nogo,81427,-2.4498016061897943,False,True,,1,True
637.5266,GnG-low,nogo,81645,-2.499155717373469,False,True,,1,True
639.3828,GnG-low,nogo,81883,-0.27872579141785536,False,True,,1,True
640.9474,GnG-low,nogo,82083,-3.180885522851895,False,True,,1,True
642.8186,GnG-low,nogo,82323,-0.3434771946331239,False,True,,1,True
644.4311,GnG-high,go,82530,3.513787481779218,True,True,0.4526930183466028,1,True
645.9972,GnG-low,nogo,82730,-0.8883722496193514,False,True,,1,True
647.7103,GnG-low,nogo,82950,3.8792520560946286,False,True,,1,True
649.4955,GnG-high,go,83178,-0.9852100438365596,True,True,0.5861096915413468,1,True
651.0569,GnG-low,nogo,83378,-0.6873697752780572,False,True,,1,True
652.7822,GnG-low,nogo,83599,-0.31125626844641374,False,True,,1,True
654.2783,GnG-low,nogo,83791,2.818670391206979,False,True,,1,True
655.9617,GnG-low,nogo,84006,-1.7561513233204096,False,True,,1,True
657.7284,GnG-high,go,84232,-3.7375918109319173,True,True,0.41558913416206106,1,True
659.6087,GnG-low,nogo,84473,-2.1916942962434405,False,True,,1,True
662.5895,GnG-low,nogo,84855,-0.14881937931932043,False,True,,1,True
664.2451,GnG-low,nogo,85067,-0.3491086825988532,False,True,,1,True
666.3069,GnG-low,nogo,85331,-0.7079595275172323,False,True,,1,True
667.6499,GnG-low,nogo,85503,-0.6478169049159987,False,True,,1,True
669.582,GnG-low,nogo,85751,3.7575050322402603,False,True,,1,True
670.9369,GnG-low,nogo,85924,-0.27386312956423353,False,True,,1,True
672.5662,GnG-low,nogo,86133,2.4003799492220423,False,True,,1,True
674.5429,GnG-high,go,86386,1.2481478919426081,True,True,0.5189823618123173,1,True
676.3531,GnG-low,nogo,86618,2.6176426110851025,False,True,,1,True
678.0123,GnG-low,nogo,86830,-1.1826467067521662,False,True,,1,True
679.6102,GnG-low,nogo,87035,1.6576395674974265,False,True,,1,True
681.4188,GnG-low,nogo,87266,-3.181354914545409,False,True,,1,True
682.7923,GnG-high,go,87442,-2.3872554728541218,True,True,0.5265735762113768,1,True
684.5672,GnG-high,go,87670,3.0482824272439757,True,True,0.4648668524733396,1,True
686.4409,GnG-low,nogo,87910,3.3856907552944904,False,True,,1,True
687.935,GnG-low,nogo,88101,0.7071282138895185,False,True,,1,True
689.8294,GnG-high,go,88344,3.770004145394523,True,True,0.5529801636392591,1,True
691.1478,GnG-low,nogo,88512,-2.8038100365392893,False,True,,1,True
693.0879,GnG-low,nogo,88761,1.4100011017035285,False,True,,1,True
694.7782,GnG-low,nogo,88977,-2.256331411672363,False,True,,1,True
696.5807,GnG-low,nogo,89208,-0.9953258936548082,False,True,,1,True
698.2931,GnG-low,nogo,89427,-3.3361908036795285,False,True,,1,True
699.64,GnG-low,nogo,89600,0.6324410345541764,False,True,,1,True
701.6594,GnG-low,nogo,89859,3.6311441840553016,False,True,,1,True
703.2745,GnG-low,nogo,90065,-2.920080340572895,False,True,,1,True
704.8339,GnG-low,nogo,90265,-0.6222400719479992,False,True,,1,True
706.3477,GnG-high,go,90459,0.4246649898504984,True,True,0.4614147414740808,1,True
708.2662,GnG-low,nogo,90705,2.8130085247539682,False,True,,1,True
709.9988,GnG-low,nogo,90927,3.6976112327238297,False,True,,1,True
711.5713,GnG-low,nogo,91128,0.7039407024649336,False,True,,1,True
713.4155,GnG-low,nogo,91364,-0.6926077884372717,False,True,,1,True
714.7325,GnG-low,nogo,91533,1.9420672452952203,False,True,,1,True
716.5501,GnG-high,go,91766,3.720051165487348,True,True,0.4524645079165966,1,True
718.4018,GnG-low,nogo,92003,2.631991875773565,False,True,,1,True
720.0685,GnG-low,nogo,92216,-0.8598082264370532,False,True,,1,True
721.9726,GnG-low,nogo,92460,0.31155689157458255,False,True,,1,True
723.4881,GnG-low,nogo,92654,-0.3415380319893302,False,True,,1,True
724.9327,GnG-low,nogo,92839,-0.37103579472841375,False,True,,1,True
726.6903,GnG-high,go,93064,-1.0609654834752291,True,True,0.41465953836554187,1,True
728.1702,GnG-low,nogo,93254,2.651982773841155,False,True,,1,True
730.0075,GnG-low,nogo,93489,0.3469450817874531,False,True,,1,True
731.5559,GnG-high,go,93687,-1.9721930372043062,True,True,0.4765484213678626,1,True
733.3207,GnG-low,nogo,93913,-2.0536335393899208,False,True,,1,True
734.8193,GnG-high,go,94105,-1.423706879791098,True,True,0.5231090505597871,1,True
736.3751,GnG-low,nogo,94304,-3.334355812285139,False,True,,1,True
738.0992,GnG-low,nogo,94525,-1.7582423055273466,False,True,,1,True
739.5483,GnG-high,go,94711,1.5207491327373646,True,True,0.4723746420247257,1,True
741.1998,GnG-low,nogo,94922,-2.3880293716729284,False,True,,1,True
743.0896,GnG-low,nogo,95164,-2.5336426413105073,False,True,,1,True
745.0365,GnG-low,nogo,95414,2.68865768350679,False,True,,1,True
746.364,GnG-low,nogo,95584,2.631821918384958,False,True,,1,True
748.0251,GnG-low,nogo,95796,-3.0684673994301193,False,True,,1,True
749.7396,GnG-low,nogo,96016,0.29915690618054214,False,True,,1,True
751.5422,GnG-low,nogo,96247,1.460162409671284,False,True,,1,True
753.3803,GnG-high,go,96482,-1.64487526785706,True,True,0.5011014101635052,1,True
755.0125,GnG-low,nogo,96691,-1.8706321891386324,False,True,,1,True
756.7947,GnG-low,nogo,96919,-3.735094274475159,False,True,,1,True
758.648,GnG-low,nogo,97157,1.3853356368827008,False,True,,1,True
760.4067,GnG-low,nogo,97382,-0.4045940518153657,False,True,,1,True
761.733,GnG-low,nogo,97552,0.7385701831026381,False,True,,1,True
763.4776,GnG-high,go,97775,-2.568337922525643,True,True,0.4629038688524392,1,True
765.3024,GnG-low,nogo,98009,-0.18186480110671255,False,True,,1,True
766.8901,GnG-low,nogo,98212,-2.758556929052247,False,True,,1,True
768.9094,GnG-low,nogo,98471,0.34014622042377596,False,True,,1,True
770.281,GnG-low,nogo,98647,3.0342456620928715,False,True,,1,True
772.0054,GnG-high,go,98867,-3.4981300468643894,True,True,0.5085808386142853,1,True
774.0437,GnG-low,nogo,99128,-3.7824484950306214,False,True,,1,True
775.3475,GnG-low,nogo,99295,-3.5647518635641973,False,True,,1,True
776.9947,GnG-low,nogo,99506,-3.173530382582612,False,True,,1,True
778.6465,GnG-low,nogo,99718,0.42618029954155645,False,True,,1,True
780.3541,GnG-low,nogo,99937,2.885315404000721,False,True,,1,True
782.0573,GnG-low,nogo,100155,1.9359612928155912,False,True,,1,True
783.5009,GnG-high,go,100340,2.906463544604776,True,True,0.44226153494283593,1,True
785.1161,GnG-low,nogo,100546,-3.7447609799983184,False,True,,1,True
786.7182,GnG-low,nogo,100752,2.7040144952934497,False,True,,1,True
788.7616,GnG-low,nogo,101013,-2.6803039529568196,False,True,,1,True
790.0982,GnG-high,go,101185,3.7798386841814136,True,True,0.4836080627449094,1,True
791.9219,GnG-low,nogo,101418,-0.5421773955731624,False,True,,1,True
793.6697,GnG-low,nogo,101642,0.7594037000444587,False,True,,1,True
795.4502,GnG-low,nogo,101870,0.5949416147359443,False,True,,1,True
796.9917,GnG-high,go,102067,-2.6326857200729137,True,True,0.4752620414558619,1,True
798.6699,GnG-low,nogo,102282,-2.007507434541367,False,True,,1,True
800.2972,GnG-low,nogo,102491,2.6667356441976153,False,True,,1,True
802.1004,GnG-low,nogo,102722,3.227741162163511,False,True,,1,True
803.4553,GnG-low,nogo,102895,-0.803626999527296,False,True,,1,True
805.2375,GnG-low,nogo,103123,-2.668089099415738,False,True,,1,True
806.9513,GnG-high,go,103343,1.3995352062465827,True,True,0.48341109442365926,1,True
808.4427,GnG-low,nogo,103534,1.4209726647322896,False,True,,1,True
810.3369,GnG-low,nogo,103776,-3.1246406194895826,False,True,,1,True
811.9632,GnG-low,nogo,103985,2.549602473777668,False,True,,1,True
813.6633,GnG-low,nogo,104202,-3.1082408385145754,False,True,,1,True
815.2866,GnG-high,go,104410,-2.2424869608812514,True,True,0.49778523975461264,1,True
816.9507,GnG-low,nogo,104623,-3.1342870776143172,False,True,,1,True
818.3798,GnG-low,nogo,104806,-3.2807632281901533,False,True,,1,True
820.0073,GnG-low,nogo,105015,1.1934798651509482,False,True,,1,True
821.6061,GnG-low,nogo,105220,3.1337661393990857,False,True,,1,True
823.2348,GnG-high,go,105428,-1.4004799829763215,True,True,0.4914106391300322,1,True
824.9429,GnG-low,nogo,105647,0.5586551069427514,False,True,,1,True
826.6369,GnG-low,nogo,105864,1.0008118092628138,False,True,,1,True
828.2834,GnG-high,go,106075,2.0920332901823713,True,True,0.4613677357795996,1,True
830.08,GnG-low,nogo,106305,1.4445496070720765,False,True,,1,True
831.3815,GnG-low,nogo,106471,-3.8462429770333983,False,True,,1,True
832.9481,GnG-low,nogo,106672,-0.9399135072953868,False,True,,1,True
834.6737,GnG-low,nogo,106893,-0.8638000006158109,False,True,,1,True
836.4786,GnG-low,nogo,107124,-2.002794497116156,False,True,,1,True
837.7775,GnG-low,nogo,107291,3.1149021343708228,False,True,,1,True
839.6697,GnG-low,nogo,107533,0.5692888647672589,False,True,,1,True
841.2342,GnG-high,go,107733,-2.232870866578196,True,True,0.49064500410458084,1,True
843.2177,GnG-low,nogo,107987,-2.3766137227312356,False,True,,1,True
844.7771,GnG-high,go,108187,-0.07877345410634007,True,True,0.6403220869112203,1,True
846.3365,GnG-low,nogo,108387,2.2190668145185555,False,True,,1,True
848.4237,GnG-low,nogo,108654,-0.11431642701609235,False,True,,1,True
849.9285,GnG-low,nogo,108847,2.1240994337858865,False,True,,1,True
851.5822,GnG-high,go,109059,3.823810115932247,True,True,0.4729090013249811,1,True
852.9778,GnG-low,nogo,109237,-1.865112040263739,False,True,,1,True
854.784,GnG-low,nogo,109469,3.504382678897855,False,True,,1,True
856.4109,GnG-low,nogo,109677,0.7701365565253582,False,True,,1,True
858.2937,GnG-low,nogo,109918,-0.18396591417513264,False,True,,1,True
859.8942,GnG-high,go,110123,0.05632036004499241,True,True,0.4860026450462216,1,True
861.7254,GnG-low,nogo,110358,3.8512826824899093,False,True,,1,True
863.4081,GnG-low,nogo,110573,-0.023539031985819747,False,True,,1,True
865.1816,GnG-low,nogo,110800,-0.9964903330228481,False,True,,1,True
867.1201,GnG-low,nogo,111048,-2.9911683958516733,False,True,,1,True
868.7068,GnG-low,nogo,111252,3.240628677190216,False,True,,1,True
870.3425,GnG-low,nogo,111461,-0.4851282294566772,False,True,,1,True
871.8296,GnG-high,go,111652,3.836309228972823,True,True,0.589764004272454,1,True
873.417,GnG-low,nogo,111855,1.5596171009519821,False,True,,1,True
874.9935,GnG-low,nogo,112057,2.374435771798744,False,True,,1,True
876.409,GnG-low,nogo,112238,0.21098121908380563,False,True,,1,True
877.969,GnG-low,nogo,112438,1.9088214876319398,False,True,,1,True
879.7952,GnG-low,nogo,112672,2.8952946090612386,False,True,,1,True
881.7221,GnG-high,go,112918,-3.1163618705249974,True,True,0.5045543323552542,1,True
883.1834,GnG-low,nogo,113106,3.57960798453405,False,True,,1,True
885.0276,GnG-high,go,113342,2.18305950818376,True,True,0.48746854026799,1,True
886.5922,GnG-low,nogo,113542,-0.7191002232502797,False,True,,1,True
888.4005,GnG-low,nogo,113774,2.55039449598371,False,True,,1,True
890.1689,GnG-low,nogo,114000,-1.1310460062077254,False,True,,1,True
891.8318,GnG-low,nogo,114213,-0.8228461230146422,False,True,,1,True
893.3824,GnG-low,nogo,114412,2.466504959102167,False,True,,1,True
895.1257,GnG-low,nogo,114635,0.45959685348861967,False,True,,1,True
896.6877,GnG-high,go,114835,0.15743712219773442,True,True,0.43812667949498996,1,True
898.2124,GnG-low,nogo,115030,-1.8871686148713707,False,True,,1,True
900.0218,GnG-low,nogo,115262,0.282326104297681,False,True,,1,True
901.6362,GnG-low,nogo,115469,2.2395907807322146,False,True,,1,True
903.1101,GnG-low,nogo,115657,-3.664439364115424,False,True,,1,True
904.8624,GnG-low,nogo,115882,0.9456309326196788,False,True,,1,True
906.5789,GnG-low,nogo,116102,2.313255238277634,False,True,,1,True
908.261,GnG-high,go,116317,-0.9615664762350207,True,True,0.4965665217594555,1,True
910.0554,GnG-low,nogo,116547,0.5909498406708735,False,True,,1,True
911.4672,GnG-low,nogo,116728,2.127495287822967,False,True,,1,True
912.8133,GnG-low,nogo,116900,-0.9123620895934437,False,True,,1,True
914.479,GnG-high,go,117113,-3.4041621918277087,True,True,0.4453069164080121,1,True
915.9325,GnG-low,nogo,117300,3.283318447643069,False,True,,1,True
918.0125,GnG-low,nogo,117566,0.3414460195472202,False,True,,1,True
919.3991,GnG-low,nogo,117744,3.652523848927558,False,True,,1,True
920.9565,GnG-low,nogo,117943,0.14187491638040228,False,True,,1,True
922.6795,GnG-low,nogo,118164,2.8179884232031327,False,True,,1,True
924.2797,GnG-low,nogo,118369,3.3582746973479516,False,True,,1,True
926.0288,GnG-low,nogo,118593,3.359855807502754,False,True,,1,True
927.7574,GnG-high,go,118814,0.4359692998150422,True,True,0.4207884271773177,1,True
929.4497,GnG-low,nogo,119031,2.578125987497515,False,True,,1,True
931.3975,GnG-high,go,119280,-0.9080628742594854,True,True,0.49376096992790014,1,True
933.1017,GnG-low,nogo,119498,-2.8574169708690533,False,True,,1,True
934.7523,GnG-high,go,119710,1.9422937112949512,True,True,0.5595164509729611,1,True
936.0379,GnG-low,nogo,119874,-3.0654772751859127,False,True,,1,True
937.96,GnG-low,nogo,120121,3.531355460836494,False,True,,1,True
939.5,GnG-low,nogo,120318,1.8037281261058524,False,True,,1,True
941.1718,GnG-low,nogo,120532,1.0204172250496413,False,True,,1,True
942.7154,GnG-low,nogo,120730,3.5012790913242497,False,True,,1,True
944.3575,GnG-low,nogo,120940,1.1840113712651146,False,True,,1,True
946.2231,GnG-high,go,121179,1.8129304982039685,True,True,0.4266551620316588,1,True
947.9789,GnG-low,nogo,121404,2.923000795021835,False,True,,1,True
949.6378,GnG-low,nogo,121616,-0.5772885228907398,False,True,,1,True
951.2335,GnG-low,nogo,121820,-3.3454914353114873,False,True,,1,True
953.0568,GnG-low,nogo,122054,0.5409816716337446,False,True,,1,True
954.7772,GnG-low,nogo,122274,-1.9913940227525018,False,True,,1,True
956.3968,GnG-low,nogo,122482,2.574359854861541,False,True,,1,True
957.9552,GnG-high,go,122681,-1.936289077661968,True,True,0.44084544255406866,1,True
959.5806,GnG-low,nogo,122889,-3.170535200069935,False,True,,1,True
961.3293,GnG-low,nogo,123113,-2.768954089901854,False,True,,1,True
963.0001,GnG-high,go,123327,-2.552265005533627,True,True,0.45872438192885506,1,True
964.4024,GnG-low,nogo,123507,0.6757912406101241,False,True,,1,True
966.2909,GnG-low,nogo,123749,1.830177970987279,False,True,,1,True
